date,open_time,open,high,low,close,volume,close_time,is_closed
2023-07-24 00:00:00,1690156800000,0.15,5.29,0.15,2.161,89457456.3,1690243199999,True
2023-07-25 00:00:00,1690243200000,2.16,2.458,1.85,2.257,56332386.6,1690329599999,True
2023-07-26 00:00:00,1690329600000,2.257,2.55,2.149,2.25,42447395.0,1690415999999,True
2023-07-27 00:00:00,1690416000000,2.25,2.32,2.066,2.096,21246133.9,1690502399999,True
2023-07-28 00:00:00,1690502400000,2.096,2.237,2.05,2.219,16890436.7,1690588799999,True
2023-07-29 00:00:00,1690588800000,2.219,2.379,2.174,2.347,17461018.0,1690675199999,True
2023-07-30 00:00:00,1690675200000,2.346,2.493,2.222,2.288,17988633.7,1690761599999,True
2023-07-31 00:00:00,1690761600000,2.288,2.376,2.244,2.316,13857089.8,1690847999999,True
2023-08-01 00:00:00,1690848000000,2.316,2.451,2.196,2.43,16120912.4,1690934399999,True
2023-08-02 00:00:00,1690934400000,2.43,2.525,2.298,2.36,24744318.0,1691020799999,True
2023-08-03 00:00:00,1691020800000,2.36,2.376,2.253,2.325,10498756.4,1691107199999,True
2023-08-04 00:00:00,1691107200000,2.324,2.341,2.147,2.174,11420935.4,1691193599999,True
2023-08-05 00:00:00,1691193600000,2.174,2.183,2.084,2.13,7239460.0,1691279999999,True
2023-08-06 00:00:00,1691280000000,2.13,2.17,2.011,2.039,9673157.7,1691366399999,True
2023-08-07 00:00:00,1691366400000,2.042,2.11,2.018,2.039,9486314.8,1691452799999,True
2023-08-08 00:00:00,1691452800000,2.041,2.051,1.906,1.942,15798749.4,1691539199999,True
2023-08-09 00:00:00,1691539200000,1.941,1.964,1.808,1.834,9181266.9,1691625599999,True
2023-08-10 00:00:00,1691625600000,1.835,1.854,1.664,1.68,15073852.4,1691711999999,True
2023-08-11 00:00:00,1691712000000,1.681,1.773,1.65,1.746,13861953.3,1691798399999,True
2023-08-12 00:00:00,1691798400000,1.745,1.822,1.726,1.758,9209066.5,1691884799999,True
2023-08-13 00:00:00,1691884800000,1.758,1.837,1.758,1.768,9101163.6,1691971199999,True
2023-08-14 00:00:00,1691971200000,1.768,1.817,1.745,1.768,7672590.3,1692057599999,True
2023-08-15 00:00:00,1692057600000,1.768,1.794,1.581,1.62,10668595.6,1692143999999,True
2023-08-16 00:00:00,1692144000000,1.62,1.635,1.481,1.522,18235437.6,1692230399999,True
2023-08-17 00:00:00,1692230400000,1.523,1.544,1.2,1.367,17263106.7,1692316799999,True
2023-08-18 00:00:00,1692316800000,1.365,1.589,1.322,1.543,20986477.8,1692403199999,True
2023-08-19 00:00:00,1692403200000,1.542,1.545,1.446,1.48,9330031.6,1692489599999,True
2023-08-20 00:00:00,1692489600000,1.48,1.541,1.461,1.469,7986000.0,1692575999999,True
2023-08-21 00:00:00,1692576000000,1.468,1.531,1.414,1.476,8585154.9,1692662399999,True
2023-08-22 00:00:00,1692662400000,1.476,1.5,1.364,1.434,8138647.0,1692748799999,True
2023-08-23 00:00:00,1692748800000,1.435,1.448,1.334,1.407,8230995.8,1692835199999,True
2023-08-24 00:00:00,1692835200000,1.407,1.473,1.374,1.399,7469794.0,1692921599999,True
2023-08-25 00:00:00,1692921600000,1.4,1.4,1.243,1.269,9357580.9,1693007999999,True
2023-08-26 00:00:00,1693008000000,1.269,1.327,1.222,1.293,6477640.6,1693094399999,True
2023-08-27 00:00:00,1693094400000,1.294,1.313,1.266,1.312,4526936.9,1693180799999,True
2023-08-28 00:00:00,1693180800000,1.312,1.325,1.192,1.208,9918306.7,1693267199999,True
2023-08-29 00:00:00,1693267200000,1.208,1.385,1.11,1.297,32935118.9,1693353599999,True
2023-08-30 00:00:00,1693353600000,1.297,1.334,1.203,1.223,20347990.0,1693439999999,True
2023-08-31 00:00:00,1693440000000,1.223,1.281,1.12,1.135,14876811.0,1693526399999,True
2023-09-01 00:00:00,1693526400000,1.135,1.153,1.094,1.125,14511245.1,1693612799999,True
2023-09-02 00:00:00,1693612800000,1.125,1.216,1.105,1.136,20687021.8,1693699199999,True
2023-09-03 00:00:00,1693699200000,1.135,1.155,1.101,1.13,5887367.8,1693785599999,True
2023-09-04 00:00:00,1693785600000,1.13,1.17,1.022,1.048,14946164.9,1693871999999,True
2023-09-05 00:00:00,1693872000000,1.048,1.107,1.02,1.071,10784711.4,1693958399999,True
2023-09-06 00:00:00,1693958400000,1.072,1.336,1.052,1.29,46932460.3,1694044799999,True
2023-09-07 00:00:00,1694044800000,1.29,1.393,1.191,1.23,48015427.2,1694131199999,True
2023-09-08 00:00:00,1694131200000,1.23,1.253,1.113,1.135,15372742.1,1694217599999,True
2023-09-09 00:00:00,1694217600000,1.136,1.183,1.12,1.168,11138776.1,1694303999999,True
2023-09-10 00:00:00,1694304000000,1.167,1.182,1.056,1.093,14011976.1,1694390399999,True
2023-09-11 00:00:00,1694390400000,1.093,1.111,0.996,1.009,20794947.7,1694476799999,True
2023-09-12 00:00:00,1694476800000,1.01,1.063,0.971,1.01,18042964.5,1694563199999,True
2023-09-13 00:00:00,1694563200000,1.011,1.043,0.972,1.012,17564118.8,1694649599999,True
2023-09-14 00:00:00,1694649600000,1.013,1.119,0.997,1.067,17229787.4,1694735999999,True
2023-09-15 00:00:00,1694736000000,1.069,1.376,1.048,1.326,47412876.7,1694822399999,True
2023-09-16 00:00:00,1694822400000,1.326,1.724,1.31,1.505,106171716.9,1694908799999,True
2023-09-17 00:00:00,1694908800000,1.506,1.507,1.231,1.264,41079460.6,1694995199999,True
2023-09-18 00:00:00,1694995200000,1.264,1.497,1.232,1.353,43731635.5,1695081599999,True
2023-09-19 00:00:00,1695081600000,1.353,1.425,1.314,1.377,21320222.2,1695167999999,True
2023-09-20 00:00:00,1695168000000,1.378,1.58,1.353,1.561,35789939.7,1695254399999,True
2023-09-21 00:00:00,1695254400000,1.56,1.65,1.376,1.509,33812997.0,1695340799999,True
2023-09-22 00:00:00,1695340800000,1.509,1.648,1.455,1.604,28695927.9,1695427199999,True
2023-09-23 00:00:00,1695427200000,1.605,1.692,1.49,1.509,19796739.0,1695513599999,True
2023-09-24 00:00:00,1695513600000,1.509,1.681,1.493,1.621,16322504.0,1695599999999,True
2023-09-25 00:00:00,1695600000000,1.62,1.759,1.571,1.722,27924416.6,1695686399999,True
2023-09-26 00:00:00,1695686400000,1.722,1.789,1.635,1.691,21211798.1,1695772799999,True
2023-09-27 00:00:00,1695772800000,1.692,1.834,1.671,1.797,18089745.3,1695859199999,True
2023-09-28 00:00:00,1695859200000,1.797,1.899,1.774,1.79,20976773.0,1695945599999,True
2023-09-29 00:00:00,1695945600000,1.79,1.851,1.684,1.728,14784404.8,1696031999999,True
2023-09-30 00:00:00,1696032000000,1.729,1.817,1.657,1.669,14095697.1,1696118399999,True
2023-10-01 00:00:00,1696118400000,1.67,1.8,1.666,1.78,15827683.7,1696204799999,True
2023-10-02 00:00:00,1696204800000,1.78,1.806,1.611,1.641,12425463.2,1696291199999,True
2023-10-03 00:00:00,1696291200000,1.641,1.676,1.523,1.533,10592613.5,1696377599999,True
2023-10-04 00:00:00,1696377600000,1.533,1.562,1.453,1.542,10596901.7,1696463999999,True
2023-10-05 00:00:00,1696464000000,1.542,1.59,1.489,1.507,8096030.6,1696550399999,True
2023-10-06 00:00:00,1696550400000,1.508,1.69,1.504,1.653,11581325.2,1696636799999,True
2023-10-07 00:00:00,1696636800000,1.653,1.682,1.587,1.602,7910953.0,1696723199999,True
2023-10-08 00:00:00,1696723200000,1.602,1.635,1.566,1.583,3936957.6,1696809599999,True
2023-10-09 00:00:00,1696809600000,1.583,1.606,1.485,1.551,5980150.1,1696895999999,True
2023-10-10 00:00:00,1696896000000,1.55,1.57,1.51,1.552,4080862.7,1696982399999,True
2023-10-11 00:00:00,1696982400000,1.553,1.658,1.521,1.631,10854774.4,1697068799999,True
2023-10-12 00:00:00,1697068800000,1.632,1.639,1.444,1.463,11172281.6,1697155199999,True
2023-10-13 00:00:00,1697155200000,1.463,1.509,1.425,1.486,7111327.0,1697241599999,True
2023-10-14 00:00:00,1697241600000,1.486,1.516,1.462,1.495,3621340.8,1697327999999,True
2023-10-15 00:00:00,1697328000000,1.495,1.546,1.474,1.529,6395764.5,1697414399999,True
2023-10-16 00:00:00,1697414400000,1.528,1.688,1.51,1.609,15031876.1,1697500799999,True
2023-10-17 00:00:00,1697500800000,1.61,1.677,1.585,1.624,8903165.5,1697587199999,True
2023-10-18 00:00:00,1697587200000,1.625,1.642,1.452,1.455,9417427.6,1697673599999,True
2023-10-19 00:00:00,1697673600000,1.455,1.508,1.4,1.453,9967387.9,1697759999999,True
2023-10-20 00:00:00,1697760000000,1.452,1.571,1.435,1.518,8443161.2,1697846399999,True
2023-10-21 00:00:00,1697846400000,1.518,1.662,1.493,1.609,9890546.9,1697932799999,True
2023-10-22 00:00:00,1697932800000,1.609,1.736,1.566,1.633,13318240.6,1698019199999,True
2023-10-23 00:00:00,1698019200000,1.633,1.675,1.482,1.652,20086578.2,1698105599999,True
2023-10-24 00:00:00,1698105600000,1.651,1.807,1.591,1.679,23879620.5,1698191999999,True
2023-10-25 00:00:00,1698192000000,1.679,1.841,1.657,1.805,14184377.9,1698278399999,True
2023-10-26 00:00:00,1698278400000,1.804,1.927,1.685,1.854,16596868.6,1698364799999,True
2023-10-27 00:00:00,1698364800000,1.854,1.949,1.752,1.875,15314839.7,1698451199999,True
2023-10-28 00:00:00,1698451200000,1.875,1.956,1.824,1.837,12192827.3,1698537599999,True
2023-10-29 00:00:00,1698537600000,1.837,1.87,1.784,1.8,7545493.7,1698623999999,True
2023-10-30 00:00:00,1698624000000,1.8,1.938,1.8,1.887,9951434.9,1698710399999,True
2023-10-31 00:00:00,1698710400000,1.886,2.05,1.867,2.032,16713295.5,1698796799999,True
2023-11-01 00:00:00,1698796800000,2.033,2.043,1.839,1.886,18512057.5,1698883199999,True
2023-11-02 00:00:00,1698883200000,1.886,1.923,1.705,1.751,11364023.6,1698969599999,True
2023-11-03 00:00:00,1698969600000,1.751,1.873,1.703,1.855,7875833.3,1699055999999,True
2023-11-04 00:00:00,1699056000000,1.856,1.905,1.839,1.868,5171540.8,1699142399999,True
2023-11-05 00:00:00,1699142400000,1.869,1.892,1.792,1.821,4629317.0,1699228799999,True
2023-11-06 00:00:00,1699228800000,1.82,1.869,1.778,1.821,5601609.9,1699315199999,True
2023-11-07 00:00:00,1699315200000,1.821,1.864,1.739,1.842,8721712.3,1699401599999,True
2023-11-08 00:00:00,1699401600000,1.842,1.86,1.781,1.832,4480027.3,1699487999999,True
2023-11-09 00:00:00,1699488000000,1.833,1.913,1.555,1.758,13326822.6,1699574399999,True
2023-11-10 00:00:00,1699574400000,1.759,2.0,1.672,1.96,13068263.1,1699660799999,True
2023-11-11 00:00:00,1699660800000,1.961,2.1,1.89,1.938,24012050.0,1699747199999,True
2023-11-12 00:00:00,1699747200000,1.937,1.985,1.842,1.948,8405079.3,1699833599999,True
2023-11-13 00:00:00,1699833600000,1.948,2.6,1.875,2.308,60891070.1,1699919999999,True
2023-11-14 00:00:00,1699920000000,2.308,2.338,2.111,2.301,34748571.8,1700006399999,True
2023-11-15 00:00:00,1700006400000,2.301,2.45,2.273,2.358,20701157.2,1700092799999,True
2023-11-16 00:00:00,1700092800000,2.358,2.529,2.145,2.182,21356527.1,1700179199999,True
2023-11-17 00:00:00,1700179200000,2.182,2.259,1.868,1.996,29913383.7,1700265599999,True
2023-11-18 00:00:00,1700265600000,1.995,2.118,1.82,2.058,20636391.4,1700351999999,True
2023-11-19 00:00:00,1700352000000,2.057,2.589,2.0,2.415,45220514.7,1700438399999,True
2023-11-20 00:00:00,1700438400000,2.416,2.719,2.161,2.199,50866911.5,1700524799999,True
2023-11-21 00:00:00,1700524800000,2.199,2.507,2.177,2.235,32616465.4,1700611199999,True
2023-11-22 00:00:00,1700611200000,2.235,2.612,2.228,2.511,26332289.7,1700697599999,True
2023-11-23 00:00:00,1700697600000,2.511,2.547,2.315,2.38,17206729.2,1700783999999,True
2023-11-24 00:00:00,1700784000000,2.379,2.572,2.339,2.477,22945458.6,1700870399999,True
2023-11-25 00:00:00,1700870400000,2.478,2.878,2.442,2.731,27325842.9,1700956799999,True
2023-11-26 00:00:00,1700956800000,2.731,2.762,2.561,2.658,17860603.9,1701043199999,True
2023-11-27 00:00:00,1701043200000,2.656,2.784,2.453,2.508,22868610.4,1701129599999,True
2023-11-28 00:00:00,1701129600000,2.509,2.576,2.4,2.52,13768384.2,1701215999999,True
2023-11-29 00:00:00,1701216000000,2.521,2.64,2.322,2.343,16021747.9,1701302399999,True
2023-11-30 00:00:00,1701302400000,2.343,2.452,2.315,2.435,7979639.8,1701388799999,True
2023-12-01 00:00:00,1701388800000,2.435,2.525,2.369,2.4,7599554.3,1701475199999,True
2023-12-02 00:00:00,1701475200000,2.4,2.6,2.397,2.553,9561003.6,1701561599999,True
2023-12-03 00:00:00,1701561600000,2.553,2.609,2.421,2.463,7966156.0,1701647999999,True
2023-12-04 00:00:00,1701648000000,2.464,2.577,2.32,2.461,12725905.5,1701734399999,True
2023-12-05 00:00:00,1701734400000,2.461,2.539,2.368,2.45,11005294.3,1701820799999,True
2023-12-06 00:00:00,1701820800000,2.451,2.545,2.398,2.431,14805454.5,1701907199999,True
2023-12-07 00:00:00,1701907200000,2.431,2.523,2.335,2.5,9229697.7,1701993599999,True
2023-12-08 00:00:00,1701993600000,2.501,2.549,2.417,2.486,8901882.5,1702079999999,True
2023-12-09 00:00:00,1702080000000,2.486,2.59,2.44,2.487,9699093.3,1702166399999,True
2023-12-10 00:00:00,1702166400000,2.487,2.75,2.481,2.688,15092251.5,1702252799999,True
2023-12-11 00:00:00,1702252800000,2.688,2.701,2.354,2.447,16061097.0,1702339199999,True
2023-12-12 00:00:00,1702339200000,2.446,2.497,2.35,2.414,9969640.7,1702425599999,True
2023-12-13 00:00:00,1702425600000,2.414,2.58,2.304,2.518,20522234.6,1702511999999,True
2023-12-14 00:00:00,1702512000000,2.518,2.676,2.44,2.611,13924593.2,1702598399999,True
2023-12-15 00:00:00,1702598400000,2.61,2.736,2.461,2.466,15968657.0,1702684799999,True
2023-12-16 00:00:00,1702684800000,2.467,4.6,2.416,3.812,90808472.5,1702771199999,True
2023-12-17 00:00:00,1702771200000,3.811,4.788,3.719,4.205,68187288.9,1702857599999,True
2023-12-18 00:00:00,1702857600000,4.203,4.355,3.65,3.941,41705968.2,1702943999999,True
2023-12-19 00:00:00,1702944000000,3.941,4.328,3.662,3.723,27637120.4,1703030399999,True
2023-12-20 00:00:00,1703030400000,3.723,3.812,3.411,3.495,20923092.4,1703116799999,True
2023-12-21 00:00:00,1703116800000,3.495,3.868,3.441,3.527,17558913.5,1703203199999,True
2023-12-22 00:00:00,1703203200000,3.528,3.78,3.463,3.69,14530714.0,1703289599999,True
2023-12-23 00:00:00,1703289600000,3.69,3.74,3.33,3.459,11291849.6,1703375999999,True
2023-12-24 00:00:00,1703376000000,3.459,3.593,3.262,3.362,10904398.7,1703462399999,True
2023-12-25 00:00:00,1703462400000,3.362,3.78,3.362,3.763,16698386.9,1703548799999,True
2023-12-26 00:00:00,1703548800000,3.762,4.078,3.33,3.682,20901746.6,1703635199999,True
2023-12-27 00:00:00,1703635200000,3.681,3.748,3.42,3.615,11999057.7,1703721599999,True
2023-12-28 00:00:00,1703721600000,3.616,3.742,3.357,3.512,10098142.0,1703807999999,True
2023-12-29 00:00:00,1703808000000,3.513,3.647,3.37,3.505,8679596.7,1703894399999,True
2023-12-30 00:00:00,1703894400000,3.505,3.99,3.438,3.666,15723132.1,1703980799999,True
2023-12-31 00:00:00,1703980800000,3.667,3.888,3.481,3.633,12306544.5,1704067199999,True
2024-01-01 00:00:00,1704067200000,3.633,3.777,3.482,3.615,6641216.5,1704153599999,True
2024-01-02 00:00:00,1704153600000,3.616,3.92,3.51,3.575,13346098.6,1704239999999,True
2024-01-03 00:00:00,1704240000000,3.575,3.857,2.503,3.079,23586910.5,1704326399999,True
2024-01-04 00:00:00,1704326400000,3.079,3.249,2.987,3.202,12142960.0,1704412799999,True
2024-01-05 00:00:00,1704412800000,3.203,3.242,2.856,2.982,8934052.7,1704499199999,True
2024-01-06 00:00:00,1704499200000,2.982,2.984,2.636,2.778,8466957.3,1704585599999,True
2024-01-07 00:00:00,1704585600000,2.777,2.852,2.59,2.63,6154871.5,1704671999999,True
2024-01-08 00:00:00,1704672000000,2.631,2.877,2.403,2.815,13419453.1,1704758399999,True
2024-01-09 00:00:00,1704758400000,2.816,2.836,2.371,2.503,13273440.0,1704844799999,True
2024-01-10 00:00:00,1704844800000,2.503,2.83,2.398,2.75,12328701.6,1704931199999,True
2024-01-11 00:00:00,1704931200000,2.751,2.942,2.58,2.775,13007085.5,1705017599999,True
2024-01-12 00:00:00,1705017600000,2.775,3.188,2.682,2.846,19308224.5,1705103999999,True
2024-01-13 00:00:00,1705104000000,2.848,2.937,2.7,2.867,7487576.7,1705190399999,True
2024-01-14 00:00:00,1705190400000,2.867,2.925,2.657,2.663,5461184.6,1705276799999,True
2024-01-15 00:00:00,1705276800000,2.662,2.839,2.659,2.765,6203558.2,1705363199999,True
2024-01-16 00:00:00,1705363200000,2.765,2.857,2.687,2.751,5772863.7,1705449599999,True
2024-01-17 00:00:00,1705449600000,2.751,2.778,2.673,2.717,4385913.0,1705535999999,True
2024-01-18 00:00:00,1705536000000,2.717,2.772,2.525,2.571,6219935.7,1705622399999,True
2024-01-19 00:00:00,1705622400000,2.571,2.586,2.342,2.515,7674468.8,1705708799999,True
2024-01-20 00:00:00,1705708800000,2.515,2.555,2.44,2.498,3317927.2,1705795199999,True
2024-01-21 00:00:00,1705795200000,2.499,2.674,2.471,2.503,5679333.5,1705881599999,True
2024-01-22 00:00:00,1705881600000,2.503,2.521,2.25,2.26,8271755.5,1705967999999,True
2024-01-23 00:00:00,1705968000000,2.261,2.339,2.071,2.245,8503555.4,1706054399999,True
2024-01-24 00:00:00,1706054400000,2.246,2.295,2.203,2.293,4313026.4,1706140799999,True
2024-01-25 00:00:00,1706140800000,2.293,2.372,2.211,2.243,7092569.6,1706227199999,True
2024-01-26 00:00:00,1706227200000,2.243,2.388,2.216,2.356,5109324.3,1706313599999,True
2024-01-27 00:00:00,1706313600000,2.357,2.455,2.348,2.419,4866557.0,1706399999999,True
2024-01-28 00:00:00,1706400000000,2.419,2.455,2.26,2.278,5144337.5,1706486399999,True
2024-01-29 00:00:00,1706486400000,2.278,2.4,2.266,2.377,4096168.8,1706572799999,True
2024-01-30 00:00:00,1706572800000,2.377,2.761,2.34,2.474,28144895.7,1706659199999,True
2024-01-31 00:00:00,1706659200000,2.474,2.534,2.264,2.296,14588048.2,1706745599999,True
2024-02-01 00:00:00,1706745600000,2.296,2.31,2.224,2.278,5840248.7,1706831999999,True
2024-02-02 00:00:00,1706832000000,2.278,2.378,2.274,2.357,4627558.6,1706918399999,True
2024-02-03 00:00:00,1706918400000,2.359,2.41,2.279,2.31,4378600.4,1707004799999,True
2024-02-04 00:00:00,1707004800000,2.31,2.313,2.167,2.183,4433157.1,1707091199999,True
2024-02-05 00:00:00,1707091200000,2.182,2.282,2.152,2.222,3762117.8,1707177599999,True
2024-02-06 00:00:00,1707177600000,2.222,2.251,2.176,2.219,2921946.6,1707263999999,True
2024-02-07 00:00:00,1707264000000,2.219,2.38,2.202,2.355,4120967.4,1707350399999,True
2024-02-08 00:00:00,1707350400000,2.355,2.429,2.33,2.384,4408429.4,1707436799999,True
2024-02-09 00:00:00,1707436800000,2.383,2.51,2.382,2.489,5584710.6,1707523199999,True
2024-02-10 00:00:00,1707523200000,2.489,2.609,2.423,2.488,7236658.5,1707609599999,True
2024-02-11 00:00:00,1707609600000,2.488,2.597,2.445,2.46,3853176.2,1707695999999,True
2024-02-12 00:00:00,1707696000000,2.461,2.646,2.46,2.617,8115376.5,1707782399999,True
2024-02-13 00:00:00,1707782400000,2.618,2.91,2.618,2.774,14252221.2,1707868799999,True
2024-02-14 00:00:00,1707868800000,2.773,3.24,2.693,3.14,16761998.2,1707955199999,True
2024-02-15 00:00:00,1707955200000,3.14,3.5,3.06,3.463,14220208.8,1708041599999,True
2024-02-16 00:00:00,1708041600000,3.464,4.6,3.357,4.467,51313047.1,1708127999999,True
2024-02-17 00:00:00,1708128000000,4.465,4.964,4.281,4.684,35196615.8,1708214399999,True
2024-02-18 00:00:00,1708214400000,4.684,6.428,4.676,5.895,43639614.9,1708300799999,True
2024-02-19 00:00:00,1708300800000,5.896,7.996,5.839,7.633,76201391.4,1708387199999,True
2024-02-20 00:00:00,1708387200000,7.631,7.8,6.133,6.698,55314412.6,1708473599999,True
2024-02-21 00:00:00,1708473600000,6.698,7.205,5.997,7.128,43972040.1,1708559999999,True
2024-02-22 00:00:00,1708560000000,7.128,9.037,7.045,8.156,60354925.1,1708646399999,True
2024-02-23 00:00:00,1708646400000,8.157,9.183,7.841,8.211,47943371.5,1708732799999,True
2024-02-24 00:00:00,1708732800000,8.211,8.5,7.6,8.155,27476725.4,1708819199999,True
2024-02-25 00:00:00,1708819200000,8.156,9.45,8.119,8.544,33856608.2,1708905599999,True
2024-02-26 00:00:00,1708905600000,8.546,9.244,7.71,7.997,46897800.7,1708991999999,True
2024-02-27 00:00:00,1708992000000,7.997,8.293,7.01,7.181,34111384.0,1709078399999,True
2024-02-28 00:00:00,1709078400000,7.182,8.806,7.002,7.942,54920776.3,1709164799999,True
2024-02-29 00:00:00,1709164800000,7.943,8.349,7.162,7.329,24852339.8,1709251199999,True
2024-03-01 00:00:00,1709251200000,7.33,8.44,7.329,7.927,37523471.4,1709337599999,True
2024-03-02 00:00:00,1709337600000,7.928,8.18,7.495,7.663,23399797.4,1709423999999,True
2024-03-03 00:00:00,1709424000000,7.663,8.537,7.111,7.912,46815303.7,1709510399999,True
2024-03-04 00:00:00,1709510400000,7.913,8.425,7.313,7.369,36816387.7,1709596799999,True
2024-03-05 00:00:00,1709596800000,7.37,7.519,5.6,6.424,38374858.9,1709683199999,True
2024-03-06 00:00:00,1709683200000,6.424,7.4,6.0,7.32,35373735.1,1709769599999,True
2024-03-07 00:00:00,1709769600000,7.321,8.08,7.01,7.178,34320553.7,1709855999999,True
2024-03-08 00:00:00,1709856000000,7.178,7.827,6.765,7.526,32125511.7,1709942399999,True
2024-03-09 00:00:00,1709942400000,7.528,11.843,7.468,11.692,82195876.3,1710028799999,True
2024-03-10 00:00:00,1710028800000,11.691,11.972,9.108,9.552,39908587.9,1710115199999,True
2024-03-11 00:00:00,1710115200000,9.553,10.354,8.829,9.834,28733173.3,1710201599999,True
2024-03-12 00:00:00,1710201600000,9.835,10.572,8.999,10.149,28459680.6,1710287999999,True
2024-03-13 00:00:00,1710288000000,10.15,10.259,9.288,9.549,14008121.0,1710374399999,True
2024-03-14 00:00:00,1710374400000,9.548,10.893,9.2,10.774,31000794.2,1710460799999,True
2024-03-15 00:00:00,1710460800000,10.775,10.864,8.51,9.745,34799385.8,1710547199999,True
2024-03-16 00:00:00,1710547200000,9.741,9.87,8.154,8.438,18636134.2,1710633599999,True
2024-03-17 00:00:00,1710633600000,8.438,9.963,8.317,9.553,28050185.6,1710719999999,True
2024-03-18 00:00:00,1710720000000,9.556,9.833,8.596,8.768,19509071.8,1710806399999,True
2024-03-19 00:00:00,1710806400000,8.766,8.888,7.342,7.5,29425079.2,1710892799999,True
2024-03-20 00:00:00,1710892800000,7.501,8.453,7.2,8.353,20473745.3,1710979199999,True
2024-03-21 00:00:00,1710979200000,8.352,8.448,7.815,8.054,12173648.8,1711065599999,True
2024-03-22 00:00:00,1711065600000,8.053,8.41,7.65,7.994,14811145.3,1711151999999,True
2024-03-23 00:00:00,1711152000000,7.994,9.08,7.935,8.454,16422514.9,1711238399999,True
2024-03-24 00:00:00,1711238400000,8.454,8.586,8.124,8.461,11911188.7,1711324799999,True
2024-03-25 00:00:00,1711324800000,8.46,8.954,8.327,8.658,13273434.8,1711411199999,True
2024-03-26 00:00:00,1711411200000,8.659,9.474,8.523,8.744,15386945.8,1711497599999,True
2024-03-27 00:00:00,1711497600000,8.744,9.291,8.35,8.424,19690438.3,1711583999999,True
2024-03-28 00:00:00,1711584000000,8.424,8.627,8.193,8.413,10289659.5,1711670399999,True
2024-03-29 00:00:00,1711670400000,8.414,8.725,8.026,8.371,14724233.3,1711756799999,True
2024-03-30 00:00:00,1711756800000,8.372,8.527,8.055,8.113,7367713.1,1711843199999,True
2024-03-31 00:00:00,1711843200000,8.113,8.309,8.084,8.217,5084484.0,1711929599999,True
2024-04-01 00:00:00,1711929600000,8.218,8.302,7.364,7.665,13171847.0,1712015999999,True
2024-04-02 00:00:00,1712016000000,7.665,7.67,6.736,6.838,16198186.2,1712102399999,True
2024-04-03 00:00:00,1712102400000,6.838,7.198,6.5,6.744,13150318.9,1712188799999,True
2024-04-04 00:00:00,1712188800000,6.744,7.17,6.604,6.87,10455546.8,1712275199999,True
2024-04-05 00:00:00,1712275200000,6.87,7.0,6.463,6.857,9253732.6,1712361599999,True
2024-04-06 00:00:00,1712361600000,6.857,7.301,6.778,6.978,10833058.9,1712447999999,True
2024-04-07 00:00:00,1712448000000,6.979,7.384,6.951,7.206,11634507.6,1712534399999,True
2024-04-08 00:00:00,1712534400000,7.206,7.483,7.034,7.308,8376075.9,1712620799999,True
2024-04-09 00:00:00,1712620800000,7.308,7.351,6.612,6.662,9751233.8,1712707199999,True
2024-04-10 00:00:00,1712707200000,6.662,6.754,6.203,6.567,9612675.7,1712793599999,True
2024-04-11 00:00:00,1712793600000,6.567,6.901,6.3,6.376,11948210.2,1712879999999,True
2024-04-12 00:00:00,1712880000000,6.376,6.73,4.72,5.476,28578669.7,1712966399999,True
2024-04-13 00:00:00,1712966400000,5.476,5.499,3.681,4.425,36370201.0,1713052799999,True
2024-04-14 00:00:00,1713052800000,4.423,5.252,4.237,5.143,25969934.3,1713139199999,True
2024-04-15 00:00:00,1713139200000,5.143,5.238,4.453,4.789,23818990.3,1713225599999,True
2024-04-16 00:00:00,1713225600000,4.79,5.22,4.516,5.084,23743234.5,1713311999999,True
2024-04-17 00:00:00,1713312000000,5.084,5.158,4.642,4.736,24725662.6,1713398399999,True
2024-04-18 00:00:00,1713398400000,4.736,5.147,4.576,4.995,13750426.1,1713484799999,True
2024-04-19 00:00:00,1713484800000,4.995,5.282,4.469,4.925,25117107.5,1713571199999,True
2024-04-20 00:00:00,1713571200000,4.923,5.666,4.819,5.624,14976000.3,1713657599999,True
2024-04-21 00:00:00,1713657600000,5.624,5.9,5.361,5.536,15578058.9,1713743999999,True
2024-04-22 00:00:00,1713744000000,5.536,5.7,5.426,5.597,13154111.7,1713830399999,True
2024-04-23 00:00:00,1713830400000,5.598,6.188,5.315,5.405,20130194.3,1713916799999,True
2024-04-24 00:00:00,1713916800000,5.404,5.588,4.855,4.925,17298468.2,1714003199999,True
2024-04-25 00:00:00,1714003200000,4.925,5.181,4.654,4.87,18269912.2,1714089599999,True
2024-04-26 00:00:00,1714089600000,4.871,4.902,4.597,4.708,11823724.0,1714175999999,True
2024-04-27 00:00:00,1714176000000,4.708,4.949,4.332,4.876,14073564.8,1714262399999,True
2024-04-28 00:00:00,1714262400000,4.877,5.035,4.672,4.708,8560836.3,1714348799999,True
2024-04-29 00:00:00,1714348800000,4.708,4.799,4.512,4.731,10101926.0,1714435199999,True
2024-04-30 00:00:00,1714435200000,4.732,4.854,4.27,4.54,15653716.5,1714521599999,True
2024-05-01 00:00:00,1714521600000,4.539,4.691,4.176,4.651,15282236.5,1714607999999,True
2024-05-02 00:00:00,1714608000000,4.651,4.755,4.417,4.604,12326132.7,1714694399999,True
2024-05-03 00:00:00,1714694400000,4.604,5.231,4.565,5.132,19002270.7,1714780799999,True
2024-05-04 00:00:00,1714780800000,5.132,5.28,5.031,5.088,12198493.2,1714867199999,True
2024-05-05 00:00:00,1714867200000,5.088,5.852,4.928,5.748,24355685.3,1714953599999,True
2024-05-06 00:00:00,1714953600000,5.747,6.54,5.714,6.0,34621231.3,1715039999999,True
2024-05-07 00:00:00,1715040000000,6.0,6.315,5.795,5.902,24803461.0,1715126399999,True
2024-05-08 00:00:00,1715126400000,5.901,5.961,5.211,5.372,22833380.5,1715212799999,True
2024-05-09 00:00:00,1715212800000,5.372,5.775,5.345,5.628,19841754.9,1715299199999,True
2024-05-10 00:00:00,1715299200000,5.628,6.095,5.35,5.461,23375718.3,1715385599999,True
2024-05-11 00:00:00,1715385600000,5.462,6.069,5.447,5.786,18792455.0,1715471999999,True
2024-05-12 00:00:00,1715472000000,5.786,6.062,5.735,5.951,10738851.9,1715558399999,True
2024-05-13 00:00:00,1715558400000,5.951,6.332,5.38,5.642,35525715.7,1715644799999,True
2024-05-14 00:00:00,1715644800000,5.641,5.675,4.598,4.776,37851723.3,1715731199999,True
2024-05-15 00:00:00,1715731200000,4.776,5.162,4.667,5.083,26962177.0,1715817599999,True
2024-05-16 00:00:00,1715817600000,5.083,5.124,4.646,4.842,16060340.2,1715903999999,True
2024-05-17 00:00:00,1715904000000,4.841,5.086,4.811,4.898,11706631.8,1715990399999,True
2024-05-18 00:00:00,1715990400000,4.898,5.083,4.808,4.979,8763609.7,1716076799999,True
2024-05-19 00:00:00,1716076800000,4.978,5.019,4.659,4.7,6984304.9,1716163199999,True
2024-05-20 00:00:00,1716163200000,4.699,5.098,4.64,5.066,14710610.5,1716249599999,True
2024-05-21 00:00:00,1716249600000,5.067,5.24,4.927,5.096,21322760.1,1716335999999,True
2024-05-22 00:00:00,1716336000000,5.097,5.264,4.905,4.969,20859822.6,1716422399999,True
2024-05-23 00:00:00,1716422400000,4.969,5.017,4.396,4.697,25704250.8,1716508799999,True
2024-05-24 00:00:00,1716508800000,4.697,4.767,4.468,4.589,11427302.0,1716595199999,True
2024-05-25 00:00:00,1716595200000,4.589,4.816,4.572,4.709,8369237.9,1716681599999,True
2024-05-26 00:00:00,1716681600000,4.71,4.743,4.486,4.534,7545530.9,1716767999999,True
2024-05-27 00:00:00,1716768000000,4.534,4.874,4.509,4.806,11878233.4,1716854399999,True
2024-05-28 00:00:00,1716854400000,4.807,4.81,4.545,4.666,13654230.8,1716940799999,True
2024-05-29 00:00:00,1716940800000,4.667,5.029,4.652,4.933,28156952.8,1717027199999,True
2024-05-30 00:00:00,1717027200000,4.933,5.187,4.684,4.935,25938752.4,1717113599999,True
2024-05-31 00:00:00,1717113600000,4.935,4.972,4.708,4.834,13003288.9,1717199999999,True
2024-06-01 00:00:00,1717200000000,4.835,4.941,4.759,4.793,7189215.2,1717286399999,True
2024-06-02 00:00:00,1717286400000,4.793,4.862,4.591,4.678,9132120.3,1717372799999,True
2024-06-03 00:00:00,1717372800000,4.679,4.878,4.618,4.809,10768719.5,1717459199999,True
2024-06-04 00:00:00,1717459200000,4.809,4.899,4.683,4.82,10519760.7,1717545599999,True
2024-06-05 00:00:00,1717545600000,4.82,5.13,4.783,4.931,16990948.4,1717631999999,True
2024-06-06 00:00:00,1717632000000,4.931,5.089,4.734,4.809,16833892.6,1717718399999,True
2024-06-07 00:00:00,1717718400000,4.809,4.968,3.9,4.416,27009841.3,1717804799999,True
2024-06-08 00:00:00,1717804800000,4.418,4.51,4.161,4.247,12904362.4,1717891199999,True
2024-06-09 00:00:00,1717891200000,4.247,4.319,4.188,4.24,6700842.2,1717977599999,True
2024-06-10 00:00:00,1717977600000,4.24,4.407,3.978,4.062,20987408.2,1718063999999,True
2024-06-11 00:00:00,1718064000000,4.062,4.109,3.701,3.802,21127688.8,1718150399999,True
2024-06-12 00:00:00,1718150400000,3.801,4.15,3.632,3.868,17494302.1,1718236799999,True
2024-06-13 00:00:00,1718236800000,3.869,3.903,3.603,3.641,11808490.9,1718323199999,True
2024-06-14 00:00:00,1718323200000,3.641,3.735,3.3,3.432,15225831.0,1718409599999,True
2024-06-15 00:00:00,1718409600000,3.432,3.509,3.362,3.387,5755592.5,1718495999999,True
2024-06-16 00:00:00,1718496000000,3.388,3.505,3.28,3.456,8077349.2,1718582399999,True
2024-06-17 00:00:00,1718582400000,3.456,3.492,2.97,3.027,21100848.9,1718668799999,True
2024-06-18 00:00:00,1718668800000,3.026,3.043,2.506,2.826,33818682.8,1718755199999,True
2024-06-19 00:00:00,1718755200000,2.826,2.922,2.747,2.797,14441249.9,1718841599999,True
2024-06-20 00:00:00,1718841600000,2.797,3.203,2.762,3.033,28856681.2,1718927999999,True
2024-06-21 00:00:00,1718928000000,3.033,3.139,2.96,2.981,17924886.2,1719014399999,True
2024-06-22 00:00:00,1719014400000,2.981,3.074,2.907,2.937,11633145.8,1719100799999,True
2024-06-23 00:00:00,1719100800000,2.937,3.032,2.797,2.819,10035247.8,1719187199999,True
2024-06-24 00:00:00,1719187200000,2.82,2.935,2.639,2.904,17677386.2,1719273599999,True
2024-06-25 00:00:00,1719273600000,2.905,2.999,2.831,2.852,12357516.0,1719359999999,True
2024-06-26 00:00:00,1719360000000,2.852,2.935,2.722,2.782,12461159.8,1719446399999,True
2024-06-27 00:00:00,1719446400000,2.783,2.841,2.695,2.786,10327204.7,1719532799999,True
2024-06-28 00:00:00,1719532800000,2.787,2.87,2.652,2.676,14929441.1,1719619199999,True
2024-06-29 00:00:00,1719619200000,2.677,2.775,2.555,2.56,9067920.7,1719705599999,True
2024-06-30 00:00:00,1719705600000,2.561,2.585,2.328,2.47,22783215.5,1719791999999,True
2024-07-01 00:00:00,1719792000000,2.47,2.507,2.232,2.279,28909171.6,1719878399999,True
2024-07-02 00:00:00,1719878400000,2.279,2.429,2.239,2.277,20932211.7,1719964799999,True
2024-07-03 00:00:00,1719964800000,2.277,2.561,2.139,2.286,43040120.9,1720051199999,True
2024-07-04 00:00:00,1720051200000,2.287,2.398,2.062,2.093,49106181.0,1720137599999,True
2024-07-05 00:00:00,1720137600000,2.092,2.092,1.75,1.827,52608693.7,1720223999999,True
2024-07-06 00:00:00,1720224000000,1.827,2.04,1.759,2.007,26875526.9,1720310399999,True
2024-07-07 00:00:00,1720310400000,2.006,2.007,1.839,1.877,19953321.6,1720396799999,True
2024-07-08 00:00:00,1720396800000,1.878,1.962,1.781,1.82,25390515.6,1720483199999,True
2024-07-09 00:00:00,1720483200000,1.819,1.931,1.799,1.923,21832064.9,1720569599999,True
2024-07-10 00:00:00,1720569600000,1.923,2.08,1.844,1.951,33002976.2,1720655999999,True
2024-07-11 00:00:00,1720656000000,1.951,2.005,1.765,1.794,19148468.0,1720742399999,True
2024-07-12 00:00:00,1720742400000,1.794,1.835,1.726,1.782,14990183.0,1720828799999,True
2024-07-13 00:00:00,1720828800000,1.782,1.871,1.772,1.824,11612426.6,1720915199999,True
2024-07-14 00:00:00,1720915200000,1.824,1.877,1.8,1.859,11328803.3,1721001599999,True
2024-07-15 00:00:00,1721001600000,1.858,2.377,1.854,2.337,37094941.5,1721087999999,True
2024-07-16 00:00:00,1721088000000,2.337,2.882,2.106,2.818,86355613.1,1721174399999,True
2024-07-17 00:00:00,1721174400000,2.819,3.262,2.735,2.947,79644196.6,1721260799999,True
2024-07-18 00:00:00,1721260800000,2.948,2.991,2.569,2.651,43860373.7,1721347199999,True
2024-07-19 00:00:00,1721347200000,2.651,2.938,2.523,2.768,46339920.3,1721433599999,True
2024-07-20 00:00:00,1721433600000,2.768,2.809,2.547,2.643,26072233.7,1721519999999,True
2024-07-21 00:00:00,1721520000000,2.643,2.667,2.376,2.573,27201245.7,1721606399999,True
2024-07-22 00:00:00,1721606400000,2.574,2.637,2.257,2.27,25464078.8,1721692799999,True
2024-07-23 00:00:00,1721692800000,2.27,2.376,2.152,2.178,26240007.8,1721779199999,True
2024-07-24 00:00:00,1721779200000,2.178,2.36,2.143,2.208,22007863.0,1721865599999,True
2024-07-25 00:00:00,1721865600000,2.208,2.244,2.008,2.116,24628242.1,1721951999999,True
2024-07-26 00:00:00,1721952000000,2.116,2.46,2.11,2.361,32100700.4,1722038399999,True
2024-07-27 00:00:00,1722038400000,2.361,2.479,2.297,2.329,26982481.4,1722124799999,True
2024-07-28 00:00:00,1722124800000,2.329,2.4,2.243,2.347,16239298.8,1722211199999,True
2024-07-29 00:00:00,1722211200000,2.347,2.438,2.259,2.281,20445935.5,1722297599999,True
2024-07-30 00:00:00,1722297600000,2.281,2.317,2.133,2.193,12614595.8,1722383999999,True
2024-07-31 00:00:00,1722384000000,2.192,2.24,2.093,2.105,10505943.5,1722470399999,True
2024-08-01 00:00:00,1722470400000,2.106,2.147,1.903,2.08,18326581.6,1722556799999,True
2024-08-02 00:00:00,1722556800000,2.08,2.109,1.872,1.897,18321515.1,1722643199999,True
2024-08-03 00:00:00,1722643200000,1.897,1.918,1.695,1.743,20222928.7,1722729599999,True
2024-08-04 00:00:00,1722729600000,1.744,1.778,1.553,1.64,22378614.0,1722815999999,True
2024-08-05 00:00:00,1722816000000,1.641,1.68,1.342,1.578,56793577.9,1722902399999,True
2024-08-06 00:00:00,1722902400000,1.579,1.759,1.571,1.648,26136287.8,1722988799999,True
2024-08-07 00:00:00,1722988800000,1.648,1.719,1.527,1.55,21033656.9,1723075199999,True
2024-08-08 00:00:00,1723075200000,1.55,1.869,1.518,1.857,18174209.0,1723161599999,True
2024-08-09 00:00:00,1723161600000,1.858,1.891,1.689,1.745,18904126.1,1723247999999,True
2024-08-10 00:00:00,1723248000000,1.745,1.796,1.709,1.755,10470304.4,1723334399999,True
2024-08-11 00:00:00,1723334400000,1.756,1.838,1.589,1.601,16520609.6,1723420799999,True
2024-08-12 00:00:00,1723420800000,1.601,1.748,1.594,1.701,18270942.7,1723507199999,True
2024-08-13 00:00:00,1723507200000,1.701,1.71,1.627,1.671,11648039.5,1723593599999,True
2024-08-14 00:00:00,1723593600000,1.671,1.697,1.562,1.591,13776890.2,1723679999999,True
2024-08-15 00:00:00,1723680000000,1.591,1.611,1.457,1.495,14561600.1,1723766399999,True
2024-08-16 00:00:00,1723766400000,1.495,1.53,1.431,1.472,12247045.8,1723852799999,True
2024-08-17 00:00:00,1723852800000,1.472,1.515,1.457,1.505,7385920.5,1723939199999,True
2024-08-18 00:00:00,1723939200000,1.506,1.583,1.481,1.514,9139013.7,1724025599999,True
2024-08-19 00:00:00,1724025600000,1.514,1.55,1.417,1.532,15417841.6,1724111999999,True
2024-08-20 00:00:00,1724112000000,1.532,1.6,1.508,1.522,18096421.8,1724198399999,True
2024-08-21 00:00:00,1724198400000,1.522,1.594,1.474,1.571,17284751.7,1724284799999,True
2024-08-22 00:00:00,1724284800000,1.571,1.668,1.55,1.632,16986360.1,1724371199999,True
2024-08-23 00:00:00,1724371200000,1.632,1.88,1.631,1.844,25681790.1,1724457599999,True
2024-08-24 00:00:00,1724457600000,1.844,1.977,1.825,1.912,22716652.1,1724543999999,True
2024-08-25 00:00:00,1724544000000,1.912,1.915,1.781,1.846,20699373.7,1724630399999,True
2024-08-26 00:00:00,1724630400000,1.846,1.881,1.646,1.668,24091121.3,1724716799999,True
2024-08-27 00:00:00,1724716800000,1.668,1.733,1.473,1.506,24104506.1,1724803199999,True
2024-08-28 00:00:00,1724803200000,1.507,1.588,1.441,1.519,28793017.5,1724889599999,True
2024-08-29 00:00:00,1724889600000,1.52,1.575,1.469,1.494,14532030.1,1724975999999,True
2024-08-30 00:00:00,1724976000000,1.494,1.547,1.423,1.524,14940695.4,1725062399999,True
2024-08-31 00:00:00,1725062400000,1.524,1.542,1.466,1.49,6755143.4,1725148799999,True
2024-09-01 00:00:00,1725148800000,1.49,1.512,1.383,1.401,12269427.9,1725235199999,True
2024-09-02 00:00:00,1725235200000,1.401,1.495,1.389,1.477,14731542.5,1725321599999,True
2024-09-03 00:00:00,1725321600000,1.477,1.515,1.402,1.406,12549076.8,1725407999999,True
2024-09-04 00:00:00,1725408000000,1.405,1.473,1.317,1.425,18728684.8,1725494399999,True
2024-09-05 00:00:00,1725494400000,1.425,1.442,1.365,1.388,11151887.0,1725580799999,True
2024-09-06 00:00:00,1725580800000,1.388,1.436,1.284,1.336,19028223.7,1725667199999,True
2024-09-07 00:00:00,1725667200000,1.337,1.376,1.318,1.346,6932997.8,1725753599999,True
2024-09-08 00:00:00,1725753600000,1.347,1.415,1.34,1.396,7667738.3,1725839999999,True
2024-09-09 00:00:00,1725840000000,1.397,1.492,1.382,1.46,13589940.7,1725926399999,True
2024-09-10 00:00:00,1725926400000,1.46,1.486,1.425,1.47,9846330.4,1726012799999,True
2024-09-11 00:00:00,1726012800000,1.471,1.474,1.36,1.374,14240576.5,1726099199999,True
2024-09-12 00:00:00,1726099200000,1.374,1.62,1.372,1.54,33216510.1,1726185599999,True
2024-09-13 00:00:00,1726185600000,1.54,1.545,1.459,1.52,23434717.7,1726271999999,True
2024-09-14 00:00:00,1726272000000,1.521,1.555,1.488,1.511,11415815.6,1726358399999,True
2024-09-15 00:00:00,1726358400000,1.512,1.582,1.454,1.471,15511576.1,1726444799999,True
2024-09-16 00:00:00,1726444800000,1.471,1.476,1.385,1.414,13525376.0,1726531199999,True
2024-09-17 00:00:00,1726531200000,1.415,1.51,1.397,1.476,12945114.1,1726617599999,True
2024-09-18 00:00:00,1726617600000,1.477,1.561,1.424,1.559,18020682.8,1726703999999,True
2024-09-19 00:00:00,1726704000000,1.559,1.653,1.538,1.597,27349237.2,1726790399999,True
2024-09-20 00:00:00,1726790400000,1.597,1.689,1.565,1.619,21612664.2,1726876799999,True
2024-09-21 00:00:00,1726876800000,1.619,1.655,1.567,1.645,12263346.3,1726963199999,True
2024-09-22 00:00:00,1726963200000,1.646,1.66,1.513,1.562,15281263.3,1727049599999,True
2024-09-23 00:00:00,1727049600000,1.563,1.787,1.52,1.709,43375604.7,1727135999999,True
2024-09-24 00:00:00,1727136000000,1.709,1.845,1.657,1.812,35267719.0,1727222399999,True
2024-09-25 00:00:00,1727222400000,1.813,2.147,1.791,2.106,62488115.0,1727308799999,True
2024-09-26 00:00:00,1727308800000,2.106,2.182,2.008,2.033,56383004.5,1727395199999,True
2024-09-27 00:00:00,1727395200000,2.033,2.175,1.994,2.115,41567561.3,1727481599999,True
2024-09-28 00:00:00,1727481600000,2.117,2.165,1.976,2.01,22349167.0,1727567999999,True
2024-09-29 00:00:00,1727568000000,2.011,2.112,1.929,2.045,30487069.0,1727654399999,True
2024-09-30 00:00:00,1727654400000,2.046,2.071,1.826,1.855,33081728.4,1727740799999,True
2024-10-01 00:00:00,1727740800000,1.854,1.966,1.572,1.656,45272107.7,1727827199999,True
2024-10-02 00:00:00,1727827200000,1.656,1.745,1.544,1.6,26868320.3,1727913599999,True
2024-10-03 00:00:00,1727913600000,1.6,1.654,1.532,1.605,18849071.9,1727999999999,True
2024-10-04 00:00:00,1728000000000,1.604,1.728,1.585,1.697,22786290.2,1728086399999,True
2024-10-05 00:00:00,1728086400000,1.697,1.914,1.677,1.817,28811094.7,1728172799999,True
2024-10-06 00:00:00,1728172800000,1.816,2.053,1.798,1.937,35563167.9,1728259199999,True
2024-10-07 00:00:00,1728259200000,1.937,2.071,1.904,1.934,47657402.7,1728345599999,True
2024-10-08 00:00:00,1728345600000,1.933,2.014,1.826,1.85,29680083.9,1728431999999,True
2024-10-09 00:00:00,1728432000000,1.85,1.886,1.717,1.735,24885606.7,1728518399999,True
2024-10-10 00:00:00,1728518400000,1.736,1.77,1.639,1.7,24890306.2,1728604799999,True
2024-10-11 00:00:00,1728604800000,1.701,1.961,1.686,1.932,32726050.2,1728691199999,True
2024-10-12 00:00:00,1728691200000,1.932,2.123,1.882,2.082,35764622.8,1728777599999,True
2024-10-13 00:00:00,1728777600000,2.082,2.093,1.933,2.076,30974401.5,1728863999999,True
2024-10-14 00:00:00,1728864000000,2.076,2.444,2.07,2.416,67755315.6,1728950399999,True
2024-10-15 00:00:00,1728950400000,2.417,2.65,2.274,2.391,85076907.3,1729036799999,True
2024-10-16 00:00:00,1729036800000,2.392,2.425,2.174,2.238,43013663.4,1729123199999,True
2024-10-17 00:00:00,1729123200000,2.239,2.327,2.08,2.129,44085576.9,1729209599999,True
2024-10-18 00:00:00,1729209600000,2.13,2.467,2.107,2.369,46984810.0,1729295999999,True
2024-10-19 00:00:00,1729296000000,2.369,2.533,2.333,2.458,37703762.4,1729382399999,True
2024-10-20 00:00:00,1729382400000,2.459,2.477,2.337,2.427,29452726.7,1729468799999,True
2024-10-21 00:00:00,1729468800000,2.427,2.488,2.265,2.273,29380120.0,1729555199999,True
2024-10-22 00:00:00,1729555200000,2.272,2.325,2.192,2.305,25874726.0,1729641599999,True
2024-10-23 00:00:00,1729641600000,2.305,2.319,2.153,2.247,23647624.1,1729727999999,True
2024-10-24 00:00:00,1729728000000,2.246,2.318,2.173,2.205,24057310.5,1729814399999,True
2024-10-25 00:00:00,1729814400000,2.205,2.22,1.781,1.917,43675349.1,1729900799999,True
2024-10-26 00:00:00,1729900800000,1.918,2.047,1.892,2.01,30070458.7,1729987199999,True
2024-10-27 00:00:00,1729987200000,2.01,2.077,1.968,2.042,14046334.0,1730073599999,True
2024-10-28 00:00:00,1730073600000,2.043,2.097,1.883,2.052,31317066.1,1730159999999,True
2024-10-29 00:00:00,1730160000000,2.052,2.142,2.032,2.102,30043216.9,1730246399999,True
2024-10-30 00:00:00,1730246400000,2.101,2.103,1.982,2.001,22998609.8,1730332799999,True
2024-10-31 00:00:00,1730332800000,2.002,2.014,1.882,1.922,20190775.0,1730419199999,True
2024-11-01 00:00:00,1730419200000,1.922,1.992,1.826,1.88,27429481.3,1730505599999,True
2024-11-02 00:00:00,1730505600000,1.88,1.9,1.778,1.81,16498675.0,1730591999999,True
2024-11-03 00:00:00,1730592000000,1.81,1.816,1.627,1.727,30431490.5,1730678399999,True
2024-11-04 00:00:00,1730678400000,1.727,1.762,1.589,1.656,22283671.1,1730764799999,True
2024-11-05 00:00:00,1730764800000,1.657,1.842,1.656,1.771,30188385.4,1730851199999,True
2024-11-06 00:00:00,1730851200000,1.771,2.017,1.771,1.982,58248993.5,1730937599999,True
2024-11-07 00:00:00,1730937600000,1.981,2.06,1.919,1.996,35818691.5,1731023999999,True
2024-11-08 00:00:00,1731024000000,1.997,2.022,1.838,1.92,30912785.6,1731110399999,True
2024-11-09 00:00:00,1731110400000,1.919,2.126,1.881,2.078,43144158.2,1731196799999,True
2024-11-10 00:00:00,1731196800000,2.079,2.265,1.998,2.115,78160693.0,1731283199999,True
2024-11-11 00:00:00,1731283200000,2.115,2.504,2.095,2.492,98788097.1,1731369599999,True
2024-11-12 00:00:00,1731369600000,2.493,2.856,2.281,2.456,142088792.4,1731455999999,True
2024-11-13 00:00:00,1731456000000,2.456,2.486,2.125,2.301,109304979.2,1731542399999,True
2024-11-14 00:00:00,1731542400000,2.301,2.488,2.14,2.182,81372846.0,1731628799999,True
2024-11-15 00:00:00,1731628800000,2.182,2.337,2.121,2.301,51025458.3,1731715199999,True
2024-11-16 00:00:00,1731715200000,2.301,2.418,2.245,2.371,47917525.3,1731801599999,True
2024-11-17 00:00:00,1731801600000,2.37,2.409,2.182,2.231,54856625.3,1731887999999,True
2024-11-18 00:00:00,1731888000000,2.231,2.426,2.214,2.395,52521876.3,1731974399999,True
2024-11-19 00:00:00,1731974400000,2.396,2.403,2.224,2.288,38835183.8,1732060799999,True
2024-11-20 00:00:00,1732060800000,2.288,2.289,2.062,2.114,55587414.8,1732147199999,True
2024-11-21 00:00:00,1732147200000,2.115,2.335,2.023,2.235,59108123.5,1732233599999,True
2024-11-22 00:00:00,1732233600000,2.235,2.298,2.112,2.256,54943215.8,1732319999999,True
2024-11-23 00:00:00,1732320000000,2.257,2.509,2.231,2.447,96803599.0,1732406399999,True
2024-11-24 00:00:00,1732406400000,2.448,2.69,2.3,2.549,97291515.9,1732492799999,True
2024-11-25 00:00:00,1732492800000,2.55,2.8,2.366,2.441,124112144.3,1732579199999,True
2024-11-26 00:00:00,1732579200000,2.44,2.555,2.244,2.35,64724950.0,1732665599999,True
2024-11-27 00:00:00,1732665600000,2.35,2.6,2.295,2.553,51498157.7,1732751999999,True
2024-11-28 00:00:00,1732752000000,2.553,3.065,2.466,2.943,135841251.6,1732838399999,True
2024-11-29 00:00:00,1732838400000,2.944,2.963,2.79,2.921,75999537.5,1732924799999,True
2024-11-30 00:00:00,1732924800000,2.921,3.736,2.861,3.626,124005282.5,1733011199999,True
2024-12-01 00:00:00,1733011200000,3.627,3.661,3.255,3.402,76352027.8,1733097599999,True
2024-12-02 00:00:00,1733097600000,3.402,3.405,3.075,3.282,74805439.7,1733183999999,True
2024-12-03 00:00:00,1733184000000,3.283,3.479,2.867,3.296,102633875.8,1733270399999,True
2024-12-04 00:00:00,1733270400000,3.296,3.495,3.188,3.297,82244381.1,1733356799999,True
2024-12-05 00:00:00,1733356800000,3.298,4.087,3.123,3.717,138675122.4,1733443199999,True
2024-12-06 00:00:00,1733443200000,3.718,4.19,3.621,3.917,90853769.4,1733529599999,True
2024-12-07 00:00:00,1733529600000,3.917,3.94,3.74,3.77,34916354.3,1733615999999,True
2024-12-08 00:00:00,1733616000000,3.771,3.823,3.644,3.811,25671982.7,1733702399999,True
2024-12-09 00:00:00,1733702400000,3.811,3.812,2.5,2.926,102691931.8,1733788799999,True
2024-12-10 00:00:00,1733788800000,2.926,3.098,2.579,2.833,102716231.5,1733875199999,True
2024-12-11 00:00:00,1733875200000,2.833,3.16,2.712,3.131,57586055.1,1733961599999,True
2024-12-12 00:00:00,1733961600000,3.132,3.36,3.008,3.077,54389688.6,1734047999999,True
2024-12-13 00:00:00,1734048000000,3.078,3.135,2.984,3.087,39466970.9,1734134399999,True
2024-12-14 00:00:00,1734134400000,3.086,3.115,2.838,2.923,29395951.4,1734220799999,True
2024-12-15 00:00:00,1734220800000,2.924,3.1,2.866,3.05,30882731.9,1734307199999,True
2024-12-16 00:00:00,1734307200000,3.05,3.161,2.845,2.866,40188617.6,1734393599999,True
2024-12-17 00:00:00,1734393600000,2.866,2.913,2.686,2.708,40122396.1,1734479999999,True
2024-12-18 00:00:00,1734480000000,2.708,2.734,2.35,2.413,61726078.6,1734566399999,True
2024-12-19 00:00:00,1734566400000,2.413,2.469,2.107,2.188,79400139.7,1734652799999,True
2024-12-20 00:00:00,1734652800000,2.188,2.399,1.937,2.364,87314867.6,1734739199999,True
2024-12-21 00:00:00,1734739200000,2.363,2.504,2.148,2.182,47837411.8,1734825599999,True
2024-12-22 00:00:00,1734825600000,2.183,2.306,2.138,2.216,36767699.3,1734911999999,True
2024-12-23 00:00:00,1734912000000,2.216,2.363,2.114,2.324,45476947.5,1734998399999,True
2024-12-24 00:00:00,1734998400000,2.325,2.418,2.25,2.357,34436983.5,1735084799999,True
2024-12-25 00:00:00,1735084800000,2.357,2.389,2.265,2.301,23038125.8,1735171199999,True
2024-12-26 00:00:00,1735171200000,2.301,2.326,2.146,2.186,26404811.5,1735257599999,True
2024-12-27 00:00:00,1735257600000,2.186,2.311,2.156,2.186,35880253.8,1735343999999,True
2024-12-28 00:00:00,1735344000000,2.187,2.251,2.133,2.232,21064681.6,1735430399999,True
2024-12-29 00:00:00,1735430400000,2.232,2.238,2.087,2.107,17266609.1,1735516799999,True
2024-12-30 00:00:00,1735516800000,2.107,2.199,2.013,2.078,37473426.7,1735603199999,True
2024-12-31 00:00:00,1735603200000,2.078,2.182,2.02,2.09,29497428.0,1735689599999,True
2025-01-01 00:00:00,1735689600000,2.09,2.256,2.079,2.227,22613312.4,1735775999999,True
2025-01-02 00:00:00,1735776000000,2.227,2.359,2.21,2.296,32666324.4,1735862399999,True
2025-01-03 00:00:00,1735862400000,2.296,2.43,2.207,2.412,33493619.6,1735948799999,True
2025-01-04 00:00:00,1735948800000,2.411,2.447,2.34,2.38,23263207.9,1736035199999,True
2025-01-05 00:00:00,1736035200000,2.381,2.434,2.309,2.409,20520363.5,1736121599999,True
2025-01-06 00:00:00,1736121600000,2.409,2.803,2.344,2.618,72652765.0,1736207999999,True
2025-01-07 00:00:00,1736208000000,2.618,2.684,2.305,2.325,73860075.6,1736294399999,True
2025-01-08 00:00:00,1736294400000,2.325,2.367,2.073,2.2,61130707.2,1736380799999,True
2025-01-09 00:00:00,1736380800000,2.2,2.239,2.072,2.119,40785823.4,1736467199999,True
2025-01-10 00:00:00,1736467200000,2.12,2.206,2.05,2.161,46988046.8,1736553599999,True
2025-01-11 00:00:00,1736553600000,2.161,2.234,2.121,2.192,23544766.7,1736639999999,True
2025-01-12 00:00:00,1736640000000,2.192,2.206,2.1,2.145,18782174.0,1736726399999,True
2025-01-13 00:00:00,1736726400000,2.145,2.209,1.838,1.961,86880199.4,1736812799999,True
2025-01-14 00:00:00,1736812800000,1.961,2.062,1.943,2.038,39726687.2,1736899199999,True
2025-01-15 00:00:00,1736899200000,2.038,2.218,1.963,2.212,50309255.1,1736985599999,True
2025-01-16 00:00:00,1736985600000,2.212,2.248,2.115,2.149,40384522.5,1737071999999,True
2025-01-17 00:00:00,1737072000000,2.149,2.323,2.149,2.295,48040016.5,1737158399999,True
2025-01-18 00:00:00,1737158400000,2.295,2.379,2.093,2.145,52542160.1,1737244799999,True
2025-01-19 00:00:00,1737244800000,2.145,2.235,1.853,1.907,96199324.8,1737331199999,True
2025-01-20 00:00:00,1737331200000,1.907,2.161,1.826,1.894,118205494.6,1737417599999,True
2025-01-21 00:00:00,1737417600000,1.894,2.35,1.794,2.128,102968335.8,1737503999999,True
2025-01-22 00:00:00,1737504000000,2.128,2.468,2.053,2.314,114082565.3,1737590399999,True
2025-01-23 00:00:00,1737590400000,2.314,2.348,2.101,2.261,102136112.4,1737676799999,True
2025-01-24 00:00:00,1737676800000,2.261,2.327,2.12,2.133,47478862.7,1737763199999,True
2025-01-25 00:00:00,1737763200000,2.132,2.181,2.076,2.099,28531240.7,1737849599999,True
2025-01-26 00:00:00,1737849600000,2.099,2.123,1.984,1.991,25969352.7,1737935999999,True
2025-01-27 00:00:00,1737936000000,1.991,1.992,1.809,1.906,68299784.9,1738022399999,True
2025-01-28 00:00:00,1738022400000,1.906,1.931,1.621,1.632,54292143.5,1738108799999,True
2025-01-29 00:00:00,1738108800000,1.632,1.829,1.61,1.724,64511075.3,1738195199999,True
2025-01-30 00:00:00,1738195200000,1.724,1.888,1.705,1.766,46362021.4,1738281599999,True
2025-01-31 00:00:00,1738281600000,1.766,1.877,1.738,1.772,41711970.6,1738367999999,True
2025-02-01 00:00:00,1738368000000,1.772,1.809,1.595,1.613,33105513.6,1738454399999,True
2025-02-02 00:00:00,1738454400000,1.614,1.641,1.283,1.391,88236162.6,1738540799999,True
2025-02-03 00:00:00,1738540800000,1.392,1.45,0.96,1.421,194666746.5,1738627199999,True
2025-02-04 00:00:00,1738627200000,1.42,1.431,1.248,1.314,61468751.5,1738713599999,True
2025-02-05 00:00:00,1738713600000,1.315,1.369,1.26,1.287,36195651.2,1738799999999,True
2025-02-06 00:00:00,1738800000000,1.287,1.331,1.182,1.201,37620803.1,1738886399999,True
2025-02-07 00:00:00,1738886400000,1.201,1.312,1.151,1.205,48831551.2,1738972799999,True
2025-02-08 00:00:00,1738972800000,1.206,1.264,1.198,1.247,29447081.5,1739059199999,True
2025-02-09 00:00:00,1739059200000,1.247,1.289,1.149,1.222,29937845.6,1739145599999,True
2025-02-10 00:00:00,1739145600000,1.222,1.378,1.171,1.259,70026480.3,1739231999999,True
2025-02-11 00:00:00,1739232000000,1.26,1.347,1.221,1.244,43684944.4,1739318399999,True
2025-02-12 00:00:00,1739318400000,1.244,1.302,1.17,1.284,44057059.1,1739404799999,True
2025-02-13 00:00:00,1739404800000,1.285,1.293,1.208,1.224,29353843.8,1739491199999,True
2025-02-14 00:00:00,1739491200000,1.225,1.341,1.214,1.296,39023199.5,1739577599999,True
2025-02-15 00:00:00,1739577600000,1.296,1.307,1.217,1.233,21681742.3,1739663999999,True
2025-02-16 00:00:00,1739664000000,1.233,1.256,1.198,1.22,19254365.9,1739750399999,True
2025-02-17 00:00:00,1739750400000,1.22,1.278,1.171,1.204,33387813.0,1739836799999,True
2025-02-18 00:00:00,1739836800000,1.204,1.213,1.076,1.138,44796414.0,1739923199999,True
2025-02-19 00:00:00,1739923200000,1.138,1.161,1.108,1.131,24765541.0,1740009599999,True
2025-02-20 00:00:00,1740009600000,1.131,1.213,1.126,1.201,25442281.3,1740095999999,True
2025-02-21 00:00:00,1740096000000,1.202,1.324,1.163,1.183,64984449.6,1740182399999,True
2025-02-22 00:00:00,1740182400000,1.183,1.29,1.173,1.256,29331779.4,1740268799999,True
2025-02-23 00:00:00,1740268800000,1.257,1.274,1.208,1.239,21393653.8,1740355199999,True
2025-02-24 00:00:00,1740355200000,1.24,1.261,1.02,1.053,51519346.2,1740441599999,True
2025-02-25 00:00:00,1740441600000,1.053,1.113,0.971,1.09,92317643.4,1740527999999,True
2025-02-26 00:00:00,1740528000000,1.09,1.136,1.046,1.111,45175797.2,1740614399999,True
2025-02-27 00:00:00,1740614400000,1.111,1.184,1.1,1.154,46399859.8,1740700799999,True
2025-02-28 00:00:00,1740700800000,1.155,1.158,1.008,1.11,70108535.0,1740787199999,True
2025-03-01 00:00:00,1740787200000,1.111,1.125,1.068,1.105,28065307.3,1740873599999,True
2025-03-02 00:00:00,1740873600000,1.105,1.223,1.067,1.213,50627201.7,1740959999999,True
2025-03-03 00:00:00,1740960000000,1.212,1.258,1.028,1.048,65432606.4,1741046399999,True
2025-03-04 00:00:00,1741046400000,1.048,1.058,0.869,0.945,104263199.6,1741132799999,True
2025-03-05 00:00:00,1741132800000,0.944,1.017,0.928,0.976,58084987.4,1741219199999,True
2025-03-06 00:00:00,1741219200000,0.976,1.011,0.948,0.96,34785498.0,1741305599999,True
2025-03-07 00:00:00,1741305600000,0.96,0.99,0.902,0.937,39432743.4,1741391999999,True
2025-03-08 00:00:00,1741392000000,0.936,0.956,0.873,0.888,30876809.7,1741478399999,True
2025-03-09 00:00:00,1741478400000,0.888,0.905,0.777,0.797,50160136.3,1741564799999,True
2025-03-10 00:00:00,1741564800000,0.797,0.876,0.721,0.756,55625424.5,1741651199999,True
2025-03-11 00:00:00,1741651200000,0.757,0.83,0.699,0.799,64521946.0,1741737599999,True
2025-03-12 00:00:00,1741737600000,0.798,0.845,0.773,0.841,36348028.9,1741823999999,True
2025-03-13 00:00:00,1741824000000,0.841,0.871,0.805,0.839,32746858.6,1741910399999,True
2025-03-14 00:00:00,1741910400000,0.839,0.894,0.834,0.87,21810896.8,1741996799999,True
2025-03-15 00:00:00,1741996800000,0.87,0.888,0.861,0.877,12070819.1,1742083199999,True
2025-03-16 00:00:00,1742083200000,0.878,0.912,0.819,0.833,31155620.2,1742169599999,True
2025-03-17 00:00:00,1742169600000,0.832,0.896,0.832,0.871,32113414.8,1742255999999,True
2025-03-18 00:00:00,1742256000000,0.872,0.873,0.81,0.837,19833992.0,1742342399999,True
2025-03-19 00:00:00,1742342400000,0.837,0.899,0.835,0.896,24160106.1,1742428799999,True
2025-03-20 00:00:00,1742428800000,0.896,0.919,0.849,0.858,21898473.6,1742515199999,True
2025-03-21 00:00:00,1742515200000,0.857,0.873,0.807,0.816,16666514.8,1742601599999,True
2025-03-22 00:00:00,1742601600000,0.816,0.846,0.814,0.825,16116519.0,1742687999999,True
2025-03-23 00:00:00,1742688000000,0.826,0.844,0.809,0.829,16993442.4,1742774399999,True
2025-03-24 00:00:00,1742774400000,0.829,0.954,0.815,0.905,62592060.0,1742860799999,True
2025-03-25 00:00:00,1742860800000,0.905,0.947,0.899,0.933,29811045.4,1742947199999,True
2025-03-26 00:00:00,1742947200000,0.933,0.979,0.923,0.929,27412114.8,1743033599999,True
2025-03-27 00:00:00,1743033600000,0.929,0.986,0.926,0.948,23955304.7,1743119999999,True
2025-03-28 00:00:00,1743120000000,0.948,0.956,0.829,0.84,24204317.0,1743206399999,True
2025-03-29 00:00:00,1743206400000,0.84,0.85,0.765,0.779,26571974.8,1743292799999,True
2025-03-30 00:00:00,1743292800000,0.779,0.805,0.763,0.779,18970100.3,1743379199999,True
2025-03-31 00:00:00,1743379200000,0.78,0.79,0.744,0.769,31838150.3,1743465599999,True
2025-04-01 00:00:00,1743465600000,0.769,0.846,0.766,0.802,31208814.8,1743551999999,True
2025-04-02 00:00:00,1743552000000,0.802,0.811,0.711,0.724,44087182.7,1743638399999,True
2025-04-03 00:00:00,1743638400000,0.724,0.766,0.704,0.751,29763951.6,1743724799999,True
2025-04-04 00:00:00,1743724800000,0.752,0.772,0.726,0.759,23559719.4,1743811199999,True
2025-04-05 00:00:00,1743811200000,0.76,0.763,0.729,0.745,8516332.6,1743897599999,True
2025-04-06 00:00:00,1743897600000,0.744,0.745,0.614,0.632,36788709.0,1743983999999,True
2025-04-07 00:00:00,1743984000000,0.632,0.684,0.573,0.65,73307581.1,1744070399999,True
2025-04-08 00:00:00,1744070400000,0.65,0.669,0.611,0.618,22545662.4,1744156799999,True
2025-04-09 00:00:00,1744156800000,0.618,0.714,0.592,0.71,44936387.4,1744243199999,True
2025-04-10 00:00:00,1744243200000,0.71,0.725,0.676,0.694,31028773.9,1744329599999,True
2025-04-11 00:00:00,1744329600000,0.694,0.75,0.693,0.74,21220471.0,1744415999999,True
2025-04-12 00:00:00,1744416000000,0.739,0.79,0.728,0.781,21264042.5,1744502399999,True
2025-04-13 00:00:00,1744502400000,0.781,0.792,0.728,0.743,26230719.4,1744588799999,True
2025-04-14 00:00:00,1744588800000,0.744,0.78,0.733,0.74,24811339.6,1744675199999,True
2025-04-15 00:00:00,1744675200000,0.74,0.754,0.706,0.708,20673936.3,1744761599999,True
2025-04-16 00:00:00,1744761600000,0.709,0.721,0.677,0.691,21457557.7,1744847999999,True
2025-04-17 00:00:00,1744848000000,0.691,0.718,0.681,0.7,16677670.3,1744934399999,True
2025-04-18 00:00:00,1744934400000,0.701,0.726,0.693,0.709,13344060.3,1745020799999,True
2025-04-19 00:00:00,1745020800000,0.709,0.774,0.705,0.769,13169755.0,1745107199999,True
2025-04-20 00:00:00,1745107200000,0.769,0.79,0.739,0.778,13643622.3,1745193599999,True
2025-04-21 00:00:00,1745193600000,0.777,0.803,0.761,0.765,20129608.0,1745279999999,True
2025-04-22 00:00:00,1745280000000,0.765,0.841,0.748,0.839,27972863.8,1745366399999,True
2025-04-23 00:00:00,1745366400000,0.839,0.883,0.836,0.863,34057090.0,1745452799999,True
2025-04-24 00:00:00,1745452800000,0.863,0.927,0.835,0.921,42393873.7,1745539199999,True
2025-04-25 00:00:00,1745539200000,0.92,1.075,0.893,1.047,59413224.6,1745625599999,True
2025-04-26 00:00:00,1745625600000,1.048,1.259,1.048,1.216,97076465.2,1745711999999,True
2025-04-27 00:00:00,1745712000000,1.216,1.236,1.109,1.123,53450689.7,1745798399999,True
2025-04-28 00:00:00,1745798400000,1.124,1.187,1.062,1.129,47275108.1,1745884799999,True
2025-04-29 00:00:00,1745884800000,1.129,1.188,1.068,1.086,39215438.9,1745971199999,True
2025-04-30 00:00:00,1745971200000,1.087,1.171,1.004,1.127,54904976.4,1746057599999,True
2025-05-01 00:00:00,1746057600000,1.128,1.166,1.013,1.049,71621932.7,1746143999999,True
2025-05-02 00:00:00,1746144000000,1.049,1.067,1.012,1.031,34547407.7,1746230399999,True
2025-05-03 00:00:00,1746230400000,1.031,1.033,0.949,0.955,24184785.6,1746316799999,True
2025-05-04 00:00:00,1746316800000,0.955,0.965,0.914,0.924,20499238.0,1746403199999,True
2025-05-05 00:00:00,1746403200000,0.923,0.964,0.852,0.87,40189917.7,1746489599999,True
2025-05-06 00:00:00,1746489600000,0.87,0.938,0.86,0.928,32380897.6,1746575999999,True
2025-05-07 00:00:00,1746576000000,0.928,0.973,0.904,0.929,29940710.0,1746662399999,True
2025-05-08 00:00:00,1746662400000,0.93,1.082,0.924,1.064,51665688.5,1746748799999,True
2025-05-09 00:00:00,1746748800000,1.064,1.179,1.053,1.139,58124852.1,1746835199999,True
2025-05-10 00:00:00,1746835200000,1.14,1.255,1.133,1.255,45249623.8,1746921599999,True
2025-05-11 00:00:00,1746921600000,1.254,1.362,1.21,1.262,66747472.8,1747007999999,True
2025-05-12 00:00:00,1747008000000,1.263,1.351,1.204,1.285,65000932.8,1747094399999,True
2025-05-13 00:00:00,1747094400000,1.284,1.339,1.176,1.298,44133279.9,1747180799999,True
2025-05-14 00:00:00,1747180800000,1.298,1.322,1.219,1.24,29019956.2,1747267199999,True
2025-05-15 00:00:00,1747267200000,1.24,1.27,1.115,1.147,35396523.6,1747353599999,True
2025-05-16 00:00:00,1747353600000,1.147,1.188,1.094,1.109,22959174.0,1747439999999,True
2025-05-17 00:00:00,1747440000000,1.11,1.113,1.053,1.073,21011006.0,1747526399999,True
2025-05-18 00:00:00,1747526400000,1.073,1.19,1.063,1.176,30158284.9,1747612799999,True
2025-05-19 00:00:00,1747612800000,1.176,1.19,1.068,1.126,28443972.7,1747699199999,True
2025-05-20 00:00:00,1747699200000,1.126,1.161,1.062,1.114,37284981.1,1747785599999,True
2025-05-21 00:00:00,1747785600000,1.115,1.29,1.09,1.193,75939533.6,1747871999999,True
2025-05-22 00:00:00,1747872000000,1.194,1.648,1.191,1.514,173492639.0,1747958399999,True
2025-05-23 00:00:00,1747958400000,1.515,1.599,1.338,1.354,133331170.1,1748044799999,True
2025-05-24 00:00:00,1748044800000,1.355,1.522,1.347,1.405,65280095.5,1748131199999,True
2025-05-25 00:00:00,1748131200000,1.406,1.43,1.312,1.421,39756857.1,1748217599999,True
2025-05-26 00:00:00,1748217600000,1.422,1.471,1.339,1.366,50546907.5,1748303999999,True
2025-05-27 00:00:00,1748304000000,1.367,1.446,1.328,1.403,56498440.3,1748390399999,True
2025-05-28 00:00:00,1748390400000,1.403,1.422,1.301,1.357,46162213.3,1748476799999,True
2025-05-29 00:00:00,1748476800000,1.357,1.4,1.305,1.31,31079963.5,1748563199999,True
2025-05-30 00:00:00,1748563200000,1.31,1.325,1.106,1.125,70508061.4,1748649599999,True
2025-05-31 00:00:00,1748649600000,1.125,1.173,1.071,1.135,43512862.3,1748735999999,True
2025-06-01 00:00:00,1748736000000,1.136,1.175,1.097,1.166,18740121.4,1748822399999,True
2025-06-02 00:00:00,1748822400000,1.166,1.193,1.106,1.188,24352138.5,1748908799999,True
2025-06-03 00:00:00,1748908800000,1.189,1.251,1.177,1.188,33861806.5,1748995199999,True
2025-06-04 00:00:00,1748995200000,1.188,1.213,1.125,1.131,28725433.9,1749081599999,True
2025-06-05 00:00:00,1749081600000,1.131,1.147,1.013,1.033,40872733.4,1749167999999,True
2025-06-06 00:00:00,1749168000000,1.034,1.11,1.03,1.062,35831479.3,1749254399999,True
2025-06-07 00:00:00,1749254400000,1.062,1.141,1.058,1.122,19558871.6,1749340799999,True
2025-06-08 00:00:00,1749340800000,1.123,1.147,1.091,1.107,15990935.0,1749427199999,True
2025-06-09 00:00:00,1749427200000,1.107,1.17,1.069,1.164,37153557.2,1749513599999,True
2025-06-10 00:00:00,1749513600000,1.165,1.193,1.117,1.179,39173254.4,1749599999999,True
2025-06-11 00:00:00,1749600000000,1.18,1.22,1.097,1.12,45673680.7,1749686399999,True
2025-06-12 00:00:00,1749686400000,1.12,1.124,1.016,1.027,36273678.4,1749772799999,True
2025-06-13 00:00:00,1749772800000,1.027,1.03,0.935,1.004,56759569.6,1749859199999,True
2025-06-14 00:00:00,1749859200000,1.005,1.008,0.954,0.975,13782210.3,1749945599999,True
2025-06-15 00:00:00,1749945600000,0.976,0.997,0.954,0.98,11827761.2,1750031999999,True
2025-06-16 00:00:00,1750032000000,0.98,1.027,0.956,0.959,31540535.0,1750118399999,True
2025-06-17 00:00:00,1750118400000,0.958,0.968,0.891,0.91,55346473.3,1750204799999,True
2025-06-18 00:00:00,1750204800000,0.91,0.986,0.868,0.956,38961604.8,1750291199999,True
2025-06-19 00:00:00,1750291200000,0.956,0.97,0.92,0.931,19041399.1,1750377599999,True
2025-06-20 00:00:00,1750377600000,0.931,0.964,0.871,0.885,46739293.7,1750463999999,True
2025-06-21 00:00:00,1750464000000,0.885,0.896,0.8,0.867,30160318.8,1750550399999,True
2025-06-22 00:00:00,1750550400000,0.868,0.883,0.771,0.828,54730960.1,1750636799999,True
2025-06-23 00:00:00,1750636800000,0.828,0.933,0.799,0.924,50333491.8,1750723199999,True
2025-06-24 00:00:00,1750723200000,0.924,0.959,0.906,0.93,35307599.0,1750809599999,True
2025-06-25 00:00:00,1750809600000,0.93,0.939,0.876,0.885,23432061.7,1750895999999,True
2025-06-26 00:00:00,1750896000000,0.884,0.914,0.852,0.863,22068906.6,1750982399999,True
2025-06-27 00:00:00,1750982400000,0.863,0.888,0.85,0.875,19323840.1,1751068799999,True
2025-06-28 00:00:00,1751068800000,0.874,0.906,0.867,0.895,16767449.8,1751155199999,True
2025-06-29 00:00:00,1751155200000,0.896,0.959,0.885,0.941,17489065.7,1751241599999,True
2025-06-30 00:00:00,1751241600000,0.942,0.949,0.882,0.899,25662743.2,1751327999999,True
2025-07-01 00:00:00,1751328000000,0.899,0.903,0.844,0.854,17726047.5,1751414399999,True
2025-07-02 00:00:00,1751414400000,0.854,0.966,0.845,0.944,34465390.6,1751500799999,True
2025-07-03 00:00:00,1751500800000,0.944,0.984,0.922,0.943,31019415.1,1751587199999,True
2025-07-04 00:00:00,1751587200000,0.944,0.952,0.86,0.874,21528585.7,1751673599999,True
2025-07-05 00:00:00,1751673600000,0.874,0.888,0.855,0.869,11342439.0,1751759999999,True
2025-07-06 00:00:00,1751760000000,0.87,0.913,0.859,0.893,14222491.2,1751846399999,True
2025-07-07 00:00:00,1751846400000,0.894,0.911,0.859,0.872,16642310.3,1751932799999,True
2025-07-08 00:00:00,1751932800000,0.872,0.888,0.854,0.874,14809999.8,1752019199999,True
2025-07-09 00:00:00,1752019200000,0.875,0.919,0.86,0.913,30232621.7,1752105599999,True
2025-07-10 00:00:00,1752105600000,0.914,1.077,0.899,1.068,55135706.4,1752191999999,True
2025-07-11 00:00:00,1752192000000,1.068,1.141,1.016,1.04,77355658.1,1752278399999,True
2025-07-12 00:00:00,1752278400000,1.04,1.057,0.993,1.03,34910807.1,1752364799999,True
2025-07-13 00:00:00,1752364800000,1.03,1.08,1.024,1.045,29338247.5,1752451199999,True
2025-07-14 00:00:00,1752451200000,1.046,1.122,1.019,1.052,55057696.6,1752537599999,True
2025-07-15 00:00:00,1752537600000,1.052,1.087,0.993,1.085,50851050.6,1752623999999,True
2025-07-16 00:00:00,1752624000000,1.085,1.149,1.048,1.107,52194785.7,1752710399999,True
2025-07-17 00:00:00,1752710400000,1.107,1.133,1.056,1.107,51787381.1,1752796799999,True
2025-07-18 00:00:00,1752796800000,1.106,1.211,1.1,1.138,70553547.5,1752883199999,True
2025-07-19 00:00:00,1752883200000,1.138,1.183,1.094,1.149,32085381.0,1752969599999,True
2025-07-20 00:00:00,1752969600000,1.15,1.285,1.136,1.222,62152889.4,1753055999999,True
2025-07-21 00:00:00,1753056000000,1.222,1.29,1.193,1.237,56687134.6,1753142399999,True
2025-07-22 00:00:00,1753142400000,1.236,1.402,1.163,1.397,112174668.8,1753228799999,True
2025-07-23 00:00:00,1753228800000,1.396,1.4,1.127,1.175,93872761.0,1753315199999,True
2025-07-24 00:00:00,1753315200000,1.175,1.205,1.072,1.138,59080620.7,1753401599999,True
2025-07-25 00:00:00,1753401600000,1.139,1.169,1.091,1.164,42995640.6,1753487999999,True
2025-07-26 00:00:00,1753488000000,1.164,1.181,1.152,1.159,21956045.5,1753574399999,True
2025-07-27 00:00:00,1753574400000,1.159,1.225,1.154,1.216,26032637.3,1753660799999,True
2025-07-28 00:00:00,1753660800000,1.216,1.238,1.108,1.117,45327851.8,1753747199999,True
2025-07-29 00:00:00,1753747200000,1.117,1.139,1.051,1.082,42278543.0,1753833599999,True
2025-07-30 00:00:00,1753833600000,1.082,1.086,1.007,1.063,38081186.6,1753919999999,True
2025-07-31 00:00:00,1753920000000,1.063,1.094,0.998,1.004,31615679.3,1754006399999,True
2025-08-01 00:00:00,1754006400000,1.004,1.007,0.931,0.964,47326659.2,1754092799999,True
2025-08-02 00:00:00,1754092800000,0.964,0.978,0.91,0.935,23557602.9,1754179199999,True
2025-08-03 00:00:00,1754179200000,0.935,0.982,0.925,0.975,21990196.5,1754265599999,True
2025-08-04 00:00:00,1754265600000,0.974,1.016,0.972,0.999,30535374.5,1754351999999,True
2025-08-05 00:00:00,1754352000000,0.999,1.0,0.923,0.946,39598173.4,1754438399999,True
2025-08-06 00:00:00,1754438400000,0.946,0.972,0.919,0.966,25343567.3,1754524799999,True
2025-08-07 00:00:00,1754524800000,0.966,1.026,0.957,1.024,32377082.0,1754611199999,True
2025-08-08 00:00:00,1754611200000,1.024,1.044,0.999,1.034,27497083.3,1754697599999,True
2025-08-09 00:00:00,1754697600000,1.033,1.1,1.031,1.077,32576054.2,1754783999999,True
2025-08-10 00:00:00,1754784000000,1.077,1.106,1.028,1.08,33742343.7,1754870399999,True
2025-08-11 00:00:00,1754870400000,1.081,1.11,0.978,0.989,44270292.3,1754956799999,True
2025-08-12 00:00:00,1754956800000,0.989,1.077,0.966,1.059,40888426.8,1755043199999,True
2025-08-13 00:00:00,1755043200000,1.059,1.141,1.041,1.118,56612131.2,1755129599999,True
2025-08-14 00:00:00,1755129600000,1.119,1.136,0.98,0.998,79416862.1,1755215999999,True
2025-08-15 00:00:00,1755216000000,0.998,1.022,0.953,0.987,43293224.6,1755302399999,True
2025-08-16 00:00:00,1755302400000,0.987,1.009,0.971,1.003,19234591.2,1755388799999,True
2025-08-17 00:00:00,1755388800000,1.003,1.037,0.992,1.0,26315251.2,1755475199999,True
2025-08-18 00:00:00,1755475200000,1.001,1.002,0.941,0.952,38406632.4,1755561599999,True
2025-08-19 00:00:00,1755561600000,0.952,0.967,0.896,0.9,39559851.7,1755647999999,True
2025-08-20 00:00:00,1755648000000,0.9,0.966,0.894,0.96,38793887.3,1755734399999,True
2025-08-21 00:00:00,1755734400000,0.96,0.967,0.921,0.934,17621649.9,1755820799999,True
2025-08-22 00:00:00,1755820800000,0.933,1.031,0.894,1.026,44805189.8,1755907199999,True
2025-08-23 00:00:00,1755907200000,1.026,1.029,0.986,1.01,27025184.1,1755993599999,True
2025-08-24 00:00:00,1755993600000,1.01,1.029,0.954,0.971,46868001.3,1756079999999,True
2025-08-25 00:00:00,1756080000000,0.972,0.985,0.864,0.882,51699181.3,1756166399999,True
2025-08-26 00:00:00,1756166400000,0.883,0.956,0.88,0.953,43772764.5,1756252799999,True
2025-08-27 00:00:00,1756252800000,0.953,0.968,0.93,0.932,35695286.0,1756339199999,True
2025-08-28 00:00:00,1756339200000,0.932,0.965,0.923,0.96,26046739.3,1756425599999,True
2025-08-29 00:00:00,1756425600000,0.961,0.965,0.892,0.904,30480612.5,1756511999999,True
2025-08-30 00:00:00,1756512000000,0.904,0.923,0.887,0.904,10261800.2,1756598399999,True
2025-08-31 00:00:00,1756598400000,0.904,0.918,0.881,0.883,12618698.0,1756684799999,True
2025-09-01 00:00:00,1756684800000,0.883,0.907,0.832,0.855,32472390.0,1756771199999,True
2025-09-02 00:00:00,1756771200000,0.855,0.891,0.851,0.888,23521406.6,1756857599999,True
2025-09-03 00:00:00,1756857600000,0.888,0.909,0.876,0.897,22099260.7,1756943999999,True
2025-09-04 00:00:00,1756944000000,0.897,0.904,0.861,0.865,25027849.5,1757030399999,True
2025-09-05 00:00:00,1757030400000,0.865,0.927,0.865,0.916,38690902.7,1757116799999,True
2025-09-06 00:00:00,1757116800000,0.915,0.97,0.9,0.963,35776247.1,1757203199999,True
2025-09-07 00:00:00,1757203200000,0.963,1.077,0.953,1.031,90010119.3,1757289599999,True
2025-09-08 00:00:00,1757289600000,1.032,1.589,1.03,1.571,431036372.9,1757375999999,True
2025-09-09 00:00:00,1757376000000,1.57,2.211,1.566,1.929,478853312.5,1757462399999,True
2025-09-10 00:00:00,1757462400000,1.928,2.08,1.76,1.868,161430391.9,1757548799999,True
2025-09-11 00:00:00,1757548800000,1.867,1.884,1.587,1.654,119821157.6,1757635199999,True
2025-09-12 00:00:00,1757635200000,1.653,1.761,1.53,1.665,96291551.1,1757721599999,True
2025-09-13 00:00:00,1757721600000,1.665,1.731,1.585,1.657,64777370.9,1757807999999,True
2025-09-14 00:00:00,1757808000000,1.657,1.744,1.563,1.576,94901707.7,1757894399999,True
2025-09-15 00:00:00,1757894400000,1.575,1.614,1.463,1.512,61221228.4,1757980799999,True
2025-09-16 00:00:00,1757980800000,1.513,1.609,1.489,1.513,56682786.1,1758067199999,True
2025-09-17 00:00:00,1758067200000,1.513,1.612,1.475,1.601,62018435.0,1758153599999,True
2025-09-18 00:00:00,1758153600000,1.602,1.699,1.558,1.603,63280189.7,1758239999999,True
2025-09-19 00:00:00,1758240000000,1.603,1.618,1.493,1.509,39451329.3,1758326399999,True
2025-09-20 00:00:00,1758326400000,1.509,1.536,1.481,1.503,31266168.5,1758412799999,True
2025-09-21 00:00:00,1758412800000,1.503,1.527,1.417,1.465,31279181.9,1758499199999,True
2025-09-22 00:00:00,1758499200000,1.465,1.475,1.278,1.392,107441690.3,1758585599999,True
2025-09-23 00:00:00,1758585600000,1.392,1.398,1.288,1.306,59478989.0,1758671999999,True
2025-09-24 00:00:00,1758672000000,1.307,1.363,1.254,1.354,34170711.4,1758758399999,True
2025-09-25 00:00:00,1758758400000,1.354,1.356,1.225,1.263,55841310.3,1758844799999,True
2025-09-26 00:00:00,1758844800000,1.264,1.293,1.218,1.285,29800521.3,1758931199999,True
2025-09-27 00:00:00,1758931200000,1.285,1.388,1.265,1.275,35769070.0,1759017599999,True
2025-09-28 00:00:00,1759017600000,1.275,1.348,1.238,1.331,22503110.5,1759103999999,True
2025-09-29 00:00:00,1759104000000,1.331,1.342,1.253,1.279,31269422.7,1759190399999,True
2025-09-30 00:00:00,1759190400000,1.279,1.289,1.198,1.244,31664490.4,1759276799999,True
2025-10-01 00:00:00,1759276800000,1.244,1.335,1.232,1.317,36315436.1,1759363199999,True
2025-10-02 00:00:00,1759363200000,1.317,1.368,1.294,1.354,41406694.6,1759449599999,True
2025-10-03 00:00:00,1759449600000,1.355,1.403,1.313,1.339,47793071.6,1759535999999,True
2025-10-04 00:00:00,1759536000000,1.338,1.342,1.25,1.27,25837044.0,1759622399999,True
2025-10-05 00:00:00,1759622400000,1.271,1.325,1.25,1.254,34815578.5,1759708799999,True
2025-10-06 00:00:00,1759708800000,1.255,1.326,1.243,1.307,36357504.2,1759795199999,True
2025-10-07 00:00:00,1759795200000,1.307,1.333,1.185,1.193,56889146.8,1759881599999,True
2025-10-08 00:00:00,1759881600000,1.193,1.287,1.167,1.278,42028383.5,1759967999999,True
2025-10-09 00:00:00,1759968000000,1.279,1.28,1.176,1.198,35304981.7,1760054399999,True
2025-10-10 00:00:00,1760054400000,1.198,1.308,0.264,0.871,263458415.2,1760140799999,True
2025-10-11 00:00:00,1760140800000,0.871,0.994,0.856,0.916,118033043.8,1760227199999,True
2025-10-12 00:00:00,1760227200000,0.917,1.05,0.891,1.0,65582143.3,1760313599999,True
2025-10-13 00:00:00,1760313600000,1.001,1.023,0.962,1.009,71761095.7,1760399999999,True
2025-10-14 00:00:00,1760400000000,1.009,1.017,0.901,0.958,53057350.2,1760486399999,True
2025-10-15 00:00:00,1760486400000,0.958,0.983,0.913,0.933,36970830.9,1760572799999,True
2025-10-16 00:00:00,1760572800000,0.932,0.96,0.885,0.898,54689065.9,1760659199999,True
2025-10-17 00:00:00,1760659200000,0.898,0.909,0.821,0.872,54875855.7,1760745599999,True
2025-10-18 00:00:00,1760745600000,0.871,0.9,0.869,0.886,16500691.9,1760831999999,True
2025-10-19 00:00:00,1760832000000,0.886,0.933,0.87,0.911,28144489.4,1760918399999,True
2025-10-20 00:00:00,1760918400000,0.912,0.944,0.891,0.917,28833784.6,1761004799999,True
2025-10-21 00:00:00,1761004800000,0.917,0.967,0.878,0.888,51376072.8,1761091199999,True
2025-10-22 00:00:00,1761091200000,0.887,0.897,0.81,0.844,48185538.6,1761177599999,True
2025-10-23 00:00:00,1761177600000,0.844,0.871,0.839,0.863,39194613.4,1761263999999,True
2025-10-24 00:00:00,1761264000000,0.864,0.911,0.852,0.896,34895883.8,1761350399999,True
2025-10-25 00:00:00,1761350400000,0.895,0.902,0.871,0.894,16369753.7,1761436799999,True
2025-10-26 00:00:00,1761436800000,0.894,0.964,0.878,0.949,47286927.7,1761523199999,True
2025-10-27 00:00:00,1761523200000,0.949,0.959,0.897,0.904,34225274.6,1761609599999,True
2025-10-28 00:00:00,1761609600000,0.904,0.925,0.853,0.87,30747441.4,1761695999999,True
2025-10-29 00:00:00,1761696000000,0.87,0.897,0.838,0.86,34191302.0,1761782399999,True
2025-10-30 00:00:00,1761782400000,0.86,0.872,0.767,0.798,41355255.5,1761868799999,True
2025-10-31 00:00:00,1761868800000,0.798,0.818,0.78,0.799,25953610.1,1761955199999,True
2025-11-01 00:00:00,1761955200000,0.799,0.898,0.792,0.872,53615579.6,1762041599999,True
2025-11-02 00:00:00,1762041600000,0.873,0.874,0.821,0.842,24238563.3,1762127999999,True
2025-11-03 00:00:00,1762128000000,0.842,0.845,0.702,0.727,67425801.4,1762214399999,True
2025-11-04 00:00:00,1762214400000,0.727,0.739,0.653,0.703,87490632.5,1762300799999,True
2025-11-05 00:00:00,1762300800000,0.704,0.745,0.668,0.738,35117869.9,1762387199999,True
2025-11-06 00:00:00,1762387200000,0.738,0.739,0.688,0.705,27239909.1,1762473599999,True
2025-11-07 00:00:00,1762473600000,0.704,0.872,0.703,0.835,92174663.7,1762559999999,True
2025-11-08 00:00:00,1762560000000,0.835,0.852,0.793,0.817,37398539.6,1762646399999,True
2025-11-09 00:00:00,1762646400000,0.816,0.827,0.779,0.817,32264465.0,1762732799999,True
2025-11-10 00:00:00,1762732800000,0.818,0.849,0.809,0.831,34419622.8,1762819199999,True
2025-11-11 00:00:00,1762819200000,0.831,0.847,0.767,0.771,36014110.9,1762905599999,True
2025-11-12 00:00:00,1762905600000,0.771,0.816,0.745,0.761,30296553.3,1762991999999,True
2025-11-13 00:00:00,1762992000000,0.761,0.809,0.719,0.745,36701197.4,1763078399999,True
2025-11-14 00:00:00,1763078400000,0.745,0.749,0.69,0.705,42674736.9,1763164799999,True
2025-11-15 00:00:00,1763164800000,0.705,0.728,0.69,0.699,22643925.5,1763251199999,True
2025-11-16 00:00:00,1763251200000,0.699,0.706,0.653,0.674,32900815.8,1763337599999,True
2025-11-17 00:00:00,1763337600000,0.674,0.696,0.636,0.652,36051423.6,1763423999999,True
2025-11-18 00:00:00,1763424000000,0.652,0.696,0.641,0.687,34727395.0,1763510399999,True
2025-11-19 00:00:00,1763510400000,0.687,0.69,0.633,0.667,29931977.3,1763596799999,True
2025-11-20 00:00:00,1763596800000,0.667,0.714,0.635,0.654,49707490.2,1763683199999,True
2025-11-21 00:00:00,1763683200000,0.655,0.667,0.566,0.593,85963958.7,1763769599999,True
2025-11-22 00:00:00,1763769600000,0.594,0.613,0.583,0.605,31696932.6,1763855999999,True
2025-11-23 00:00:00,1763856000000,0.606,0.626,0.6,0.61,28809449.2,1763942399999,True
2025-11-24 00:00:00,1763942400000,0.609,0.645,0.595,0.637,40581112.3,1764028799999,True
2025-11-25 00:00:00,1764028800000,0.637,0.645,0.614,0.641,24773219.4,1764115199999,True
2025-11-26 00:00:00,1764115200000,0.641,0.659,0.617,0.657,19109981.1,1764201599999,True
2025-11-27 00:00:00,1764201600000,0.657,0.67,0.644,0.653,23528452.7,1764287999999,True
2025-11-28 00:00:00,1764288000000,0.653,0.667,0.633,0.649,32423174.1,1764374399999,True
2025-11-29 00:00:00,1764374400000,0.649,0.659,0.628,0.63,17500604.7,1764460799999,True
2025-11-30 00:00:00,1764460800000,0.63,0.645,0.618,0.62,19524264.3,1764547199999,True
2025-12-01 00:00:00,1764547200000,0.619,0.622,0.556,0.574,39399751.5,1764633599999,True
2025-12-02 00:00:00,1764633600000,0.574,0.665,0.567,0.628,44686643.4,1764719999999,True
2025-12-03 00:00:00,1764720000000,0.628,0.643,0.617,0.635,33824999.9,1764806399999,True
2025-12-04 00:00:00,1764806400000,0.634,0.645,0.616,0.619,20158922.8,1764892799999,True
2025-12-05 00:00:00,1764892800000,0.62,0.624,0.564,0.574,31731428.1,1764979199999,True
2025-12-06 00:00:00,1764979200000,0.574,0.585,0.57,0.578,13349895.0,1765065599999,True
2025-12-07 00:00:00,1765065600000,0.577,0.595,0.553,0.566,22259431.5,1765151999999,True
2025-12-08 00:00:00,1765152000000,0.566,0.618,0.563,0.614,29364427.9,1765238399999,True
2025-12-09 00:00:00,1765238400000,0.614,0.648,0.587,0.644,36324979.1,1765324799999,True
2025-12-10 00:00:00,1765324800000,0.644,0.653,0.615,0.616,29250689.7,1765411199999,True
2025-12-11 00:00:00,1765411200000,0.616,0.618,0.579,0.596,23954421.2,1765497599999,True
2025-12-12 00:00:00,1765497600000,0.596,0.61,0.563,0.58,23938482.1,1765583999999,True
2025-12-13 00:00:00,1765584000000,0.581,0.601,0.578,0.594,11876488.7,1765670399999,True
2025-12-14 00:00:00,1765670400000,0.594,0.595,0.555,0.562,20035519.8,1765756799999,True
2025-12-15 00:00:00,1765756800000,0.563,0.586,0.523,0.539,37195005.4,1765843199999,True
2025-12-16 00:00:00,1765843200000,0.539,0.542,0.518,0.528,27654568.4,1765929599999,True
2025-12-17 00:00:00,1765929600000,0.528,0.546,0.493,0.497,42541702.1,1766015999999,True
2025-12-18 00:00:00,1766016000000,0.498,0.5259,0.4727,0.4791,31037041.9,1766102399999,True
2025-12-19 00:00:00,1766102400000,0.4792,0.5297,0.4752,0.5225,27034438.3,1766188799999,True
2025-12-20 00:00:00,1766188800000,0.5223,0.525,0.5134,0.5233,11608143.7,1766275199999,True
2025-12-21 00:00:00,1766275200000,0.5233,0.5238,0.4961,0.5113,14854092.5,1766361599999,True
2025-12-22 00:00:00,1766361600000,0.5114,0.5241,0.4965,0.5043,13280544.2,1766447999999,True
2025-12-23 00:00:00,1766448000000,0.5042,0.5109,0.4841,0.4929,22007256.5,1766534399999,True
2025-12-24 00:00:00,1766534400000,0.493,0.4958,0.4773,0.4887,8490734.4,1766620799999,True
2025-12-25 00:00:00,1766620800000,0.4887,0.5046,0.477,0.4798,19105367.1,1766707199999,True
2025-12-26 00:00:00,1766707200000,0.4797,0.5041,0.478,0.4924,16973706.2,1766793599999,True
2025-12-27 00:00:00,1766793600000,0.4925,0.5149,0.4884,0.5141,10199805.3,1766879999999,True
2025-12-28 00:00:00,1766880000000,0.5142,0.5154,0.4992,0.5051,11857604.0,1766966399999,True
2025-12-29 00:00:00,1766966400000,0.5051,0.5209,0.4906,0.4936,29945263.2,1767052799999,True
2025-12-30 00:00:00,1767052800000,0.4936,0.5012,0.4867,0.4913,15642501.8,1767139199999,True
2025-12-31 00:00:00,1767139200000,0.4913,0.4962,0.4696,0.4806,17728428.6,1767225599999,True
2026-01-01 00:00:00,1767225600000,0.4807,0.5247,0.4775,0.5211,17001260.0,1767311999999,True
2026-01-02 00:00:00,1767312000000,0.5211,0.558,0.5158,0.5562,38530424.9,1767398399999,True
2026-01-03 00:00:00,1767398400000,0.5562,0.6,0.5537,0.5852,46668683.1,1767484799999,True
2026-01-04 00:00:00,1767484800000,0.5852,0.6096,0.5786,0.601,33195171.7,1767571199999,True
2026-01-05 00:00:00,1767571200000,0.6009,0.6625,0.5866,0.6367,42440721.6,1767657599999,True
2026-01-06 00:00:00,1767657600000,0.6367,0.6508,0.6075,0.636,31828592.8,1767743999999,True
2026-01-07 00:00:00,1767744000000,0.636,0.6371,0.5891,0.5942,25653471.5,1767830399999,True
2026-01-08 00:00:00,1767830400000,0.5943,0.6004,0.5656,0.5831,23114253.3,1767916799999,True
2026-01-09 00:00:00,1767916800000,0.5831,0.6002,0.5727,0.5793,21040050.4,1768003199999,True
2026-01-10 00:00:00,1768003200000,0.5793,0.5889,0.5682,0.5723,8745404.3,1768089599999,True
2026-01-11 00:00:00,1768089600000,0.5722,0.5857,0.5575,0.5689,11588712.1,1768175999999,True
2026-01-12 00:00:00,1768176000000,0.5689,0.5905,0.5531,0.5561,22378774.5,1768262399999,True
2026-01-13 00:00:00,1768262400000,0.5561,0.6285,0.5554,0.6176,27894295.0,1768348799999,True
2026-01-14 00:00:00,1768348800000,0.6176,0.6224,0.5933,0.5996,27487789.7,1768435199999,True
2026-01-15 00:00:00,1768435200000,0.5997,0.6024,0.5539,0.5636,23483439.4,1768521599999,True
2026-01-16 00:00:00,1768521600000,0.5636,0.57,0.5386,0.5549,17822003.4,1768607999999,True
2026-01-17 00:00:00,1768608000000,0.5549,0.5661,0.5463,0.5501,12914017.3,1768694399999,True
2026-01-18 00:00:00,1768694400000,0.5502,0.5535,0.513,0.5147,16122301.7,1768780799999,True
2026-01-19 00:00:00,1768780800000,0.5146,0.5146,0.451,0.5057,42963300.1,1768867199999,True
2026-01-20 00:00:00,1768867200000,0.5057,0.5058,0.4609,0.4667,30643194.7,1768953599999,True
2026-01-21 00:00:00,1768953600000,0.4668,0.49,0.4605,0.4761,26151258.9,1769039999999,True
2026-01-22 00:00:00,1769040000000,0.4761,0.4868,0.4657,0.4721,13666023.2,1769126399999,True
2026-01-23 00:00:00,1769126400000,0.4722,0.4869,0.4551,0.4682,18421382.3,1769212799999,True
2026-01-24 00:00:00,1769212800000,0.4682,0.4777,0.4659,0.4715,8271665.9,1769299199999,True
2026-01-25 00:00:00,1769299200000,0.4715,0.4739,0.4327,0.4427,25332088.4,1769385599999,True
2026-01-26 00:00:00,1769385600000,0.4426,0.4707,0.4418,0.4592,14454427.0,1769471999999,True
2026-01-27 00:00:00,1769472000000,0.4592,0.4691,0.4486,0.4652,17463427.7,1769558399999,True
2026-01-28 00:00:00,1769558400000,0.4653,0.6539,0.4543,0.5843,136526549.9,1769644799999,True
2026-01-29 00:00:00,1769644800000,0.5844,0.5947,0.4667,0.4775,189407127.5,1769731199999,True
2026-01-30 00:00:00,1769731200000,0.4775,0.4821,0.4435,0.4697,83580383.1,1769817599999,True
2026-01-31 00:00:00,1769817600000,0.4697,0.4706,0.3648,0.4138,76535694.2,1769903999999,True
2026-02-01 00:00:00,1769904000000,0.4138,0.4182,0.3829,0.392,33635980.0,1769990399999,True
2026-02-02 00:00:00,1769990400000,0.392,0.4133,0.385,0.4111,31962238.3,1770076799999,True
2026-02-03 00:00:00,1770076800000,0.411,0.45,0.3958,0.4095,55808593.8,1770163199999,True
2026-02-04 00:00:00,1770163200000,0.4094,0.4191,0.3959,0.4081,32949925.5,1770249599999,True
2026-02-05 00:00:00,1770249600000,0.4082,0.4137,0.3416,0.346,65161075.4,1770335999999,True
2026-02-06 00:00:00,1770336000000,0.3458,0.4143,0.3075,0.4054,92425118.2,1770422399999,True
2026-02-07 00:00:00,1770422400000,0.4054,0.4236,0.3892,0.3971,45165567.0,1770508799999,True
2026-02-08 00:00:00,1770508800000,0.3972,0.4053,0.3853,0.3891,17769075.8,1770595199999,True
2026-02-09 00:00:00,1770595200000,0.3891,0.3949,0.3739,0.3885,19416982.1,1770681599999,True
2026-02-10 00:00:00,1770681600000,0.3886,0.395,0.3741,0.379,45112920.2,1770767999999,True
2026-02-11 00:00:00,1770768000000,0.3791,0.383,0.3602,0.368,26312085.2,1770854399999,True
2026-02-12 00:00:00,1770854400000,0.3679,0.3955,0.3679,0.3818,24177475.7,1770940799999,True
2026-02-13 00:00:00,1770940800000,0.3818,0.3991,0.3768,0.3955,16482164.7,1771027199999,True
2026-02-14 00:00:00,1771027200000,0.3955,0.438,0.3955,0.4273,23437564.0,1771113599999,True
2026-02-15 00:00:00,1771113600000,0.4273,0.4324,0.3985,0.4043,21294170.9,1771199999999,True
2026-02-16 00:00:00,1771200000000,0.4044,0.4098,0.3942,0.404,21706988.8,1771286399999,True
2026-02-17 00:00:00,1771286400000,0.4041,0.408,0.3855,0.3973,21947303.5,1771372799999,True
2026-02-18 00:00:00,1771372800000,0.3974,0.3992,0.3727,0.3792,14509738.7,1771459199999,True
2026-02-19 00:00:00,1771459200000,0.3793,0.3836,0.3672,0.3747,15131090.9,1771545599999,True
2026-02-20 00:00:00,1771545600000,0.3747,0.3964,0.3718,0.3909,19680751.1,1771631999999,True
2026-02-21 00:00:00,1771632000000,0.391,0.3988,0.3868,0.3873,10420142.5,1771718399999,True
2026-02-22 00:00:00,1771718400000,0.3873,0.3873,0.3753,0.3839,9576138.7,1771804799999,True
2026-02-23 00:00:00,1771804800000,0.384,0.3949,0.3618,0.3729,34093505.9,1771891199999,True
2026-02-24 00:00:00,1771891200000,0.3729,0.3874,0.364,0.3759,23266168.5,1771977599999,True
2026-02-25 00:00:00,1771977600000,0.376,0.4354,0.3749,0.413,56730441.4,1772063999999,True
2026-02-26 00:00:00,1772064000000,0.4131,0.4155,0.3894,0.3995,25412692.0,1772150399999,True
2026-02-27 00:00:00,1772150400000,0.3995,0.41,0.3806,0.3895,17825430.1,1772236799999,True
2026-02-28 00:00:00,1772236800000,0.3895,0.4032,0.3626,0.3992,26433242.4,1772323199999,True
2026-03-01 00:00:00,1772323200000,0.3992,0.4094,0.3766,0.3839,21838234.9,1772409599999,True
2026-03-02 00:00:00,1772409600000,0.384,0.4186,0.3787,0.4051,36983135.8,1772495999999,True
2026-03-03 00:00:00,1772496000000,0.4052,0.4118,0.3843,0.3931,27910953.4,1772582399999,True
2026-03-04 00:00:00,1772582400000,0.3932,0.4439,0.3862,0.42,48851314.9,1772668799999,True
2026-03-05 00:00:00,1772668800000,0.4201,0.4219,0.4021,0.4083,20832172.4,1772755199999,True
2026-03-06 00:00:00,1772755200000,0.4085,0.4106,0.3815,0.3887,24847979.4,1772841599999,True
2026-03-07 00:00:00,1772841600000,0.3887,0.3903,0.3738,0.3775,11625237.9,1772927999999,True
2026-03-08 00:00:00,1772928000000,0.3776,0.3795,0.3567,0.3605,25225153.3,1773014399999,True
2026-03-09 00:00:00,1773014400000,0.3604,0.3735,0.3585,0.3636,48381630.6,1773100799999,True
2026-03-10 00:00:00,1773100800000,0.3636,0.381,0.3506,0.3565,51223983.0,1773187199999,True
2026-03-11 00:00:00,1773187200000,0.3566,0.3661,0.3514,0.3556,28513591.6,1773273599999,True
2026-03-12 00:00:00,1773273600000,0.3555,0.3741,0.3461,0.3594,46423019.7,1773359999999,True
2026-03-13 00:00:00,1773360000000,0.3594,0.3783,0.3544,0.3573,40812921.1,1773446399999,True
2026-03-14 00:00:00,1773446400000,0.3573,0.3629,0.349,0.356,15063740.9,1773532799999,True
2026-03-15 00:00:00,1773532800000,0.3561,0.3668,0.3537,0.3656,19314669.5,1773619199999,True
2026-03-16 00:00:00,1773619200000,0.3657,0.406,0.3634,0.3997,63549060.1,1773705599999,True
2026-03-17 00:00:00,1773705600000,0.3997,0.4017,0.3838,0.3944,37537726.6,1773791999999,True
2026-03-18 00:00:00,1773792000000,0.3943,0.4019,0.3577,0.3689,39363249.6,1773878399999,True
2026-03-19 00:00:00,1773878400000,0.369,0.3693,0.3269,0.3308,79042489.3,1773964799999,True
2026-03-20 00:00:00,1773964800000,0.3308,0.345,0.3163,0.3215,89892397.2,1774051199999,True
2026-03-21 00:00:00,1774051200000,0.3216,0.3292,0.312,0.3162,63372131.7,1774137599999,True
2026-03-22 00:00:00,1774137600000,0.3162,0.3224,0.3018,0.308,36876979.6,1774223999999,True
2026-03-23 00:00:00,1774224000000,0.3081,0.3296,0.3039,0.3254,59003876.8,1774310399999,True
2026-03-24 00:00:00,1774310400000,0.3253,0.3267,0.3129,0.3213,33322948.3,1774396799999,True
2026-03-25 00:00:00,1774396800000,0.3214,0.3278,0.3163,0.325,43652369.6,1774483199999,True
2026-03-26 00:00:00,1774483200000,0.325,0.3255,0.2886,0.2924,58356233.3,1774569599999,True
2026-03-27 00:00:00,1774569600000,0.2923,0.2944,0.248,0.2493,106667852.1,1774655999999,True
2026-03-28 00:00:00,1774656000000,0.2494,0.2766,0.2433,0.2689,115178316.1,1774742399999,True
2026-03-29 00:00:00,1774742400000,0.2689,0.2786,0.263,0.2719,42103507.1,1774828799999,True
2026-03-30 00:00:00,1774828800000,0.272,0.2876,0.2705,0.272,47078681.3,1774915199999,True
2026-03-31 00:00:00,1774915200000,0.2721,0.2802,0.2698,0.2764,31650052.9,1775001599999,True
2026-04-01 00:00:00,1775001600000,0.2763,0.2853,0.2741,0.2782,29869717.5,1775087999999,True
2026-04-02 00:00:00,1775088000000,0.2783,0.2805,0.2611,0.2679,25040626.1,1775174399999,True
2026-04-03 00:00:00,1775174400000,0.268,0.2756,0.2635,0.2663,16987771.8,1775260799999,True
2026-04-04 00:00:00,1775260800000,0.2663,0.2665,0.256,0.2577,27616406.8,1775347199999,True
2026-04-05 00:00:00,1775347200000,0.2578,0.2592,0.2389,0.2489,44420877.4,1775433599999,True
2026-04-06 00:00:00,1775433600000,0.249,0.2566,0.2409,0.2431,41084279.2,1775519999999,True
2026-04-07 00:00:00,1775520000000,0.2431,0.2751,0.2398,0.2704,50167140.9,1775606399999,True
2026-04-08 00:00:00,1775606400000,0.2703,0.2714,0.2558,0.2569,33176731.7,1775692799999,True
2026-04-09 00:00:00,1775692800000,0.2568,0.2783,0.2527,0.2674,49008630.9,1775779199999,True
2026-04-10 00:00:00,1775779200000,0.2674,0.2853,0.2647,0.2789,48939773.5,1775865599999,True
2026-04-11 00:00:00,1775865600000,0.2789,0.3029,0.2748,0.2984,55117508.2,1775951999999,True
2026-04-12 00:00:00,1775952000000,0.2984,0.3006,0.2814,0.289,53481359.6,1776038399999,True
2026-04-13 00:00:00,1776038400000,0.2891,0.3151,0.2881,0.3116,70054662.0,1776124799999,True
2026-04-14 00:00:00,1776124800000,0.3117,0.3279,0.2915,0.2967,71127251.9,1776211199999,True
2026-04-15 00:00:00,1776211200000,0.2968,0.3097,0.2922,0.3052,32017882.2,1776297599999,True
2026-04-16 00:00:00,1776297600000,0.3052,0.3291,0.3028,0.3253,73127660.2,1776383999999,True
2026-04-17 00:00:00,1776384000000,0.3252,0.3255,0.2782,0.2806,132816699.0,1776470399999,True
2026-04-18 00:00:00,1776470400000,0.2806,0.2904,0.2623,0.2634,73575910.2,1776556799999,True
2026-04-19 00:00:00,1776556800000,0.2634,0.2703,0.2552,0.2591,42179808.1,1776643199999,True
2026-04-20 00:00:00,1776643200000,0.2592,0.2694,0.2584,0.2642,26470157.2,1776729599999,True
2026-04-21 00:00:00,1776729600000,0.2643,0.2666,0.2575,0.2617,25094827.0,1776815999999,True
2026-04-22 00:00:00,1776816000000,0.2618,0.2739,0.2593,0.2634,39852586.8,1776902399999,True
2026-04-23 00:00:00,1776902400000,0.2633,0.2654,0.2549,0.2643,26815265.0,1776988799999,True
2026-04-24 00:00:00,1776988800000,0.2644,0.2676,0.2591,0.2619,32519197.3,1777075199999,True
2026-04-25 00:00:00,1777075200000,0.2618,0.2638,0.2558,0.2588,20104861.3,1777161599999,True
2026-04-26 00:00:00,1777161600000,0.2589,0.2612,0.2554,0.2598,16211164.6,1777247999999,True
2026-04-27 00:00:00,1777248000000,0.2598,0.2648,0.2463,0.2543,26834723.3,1777334399999,True
2026-04-28 00:00:00,1777334400000,0.2543,0.255,0.2485,0.2517,14421554.2,1777420799999,True
2026-04-29 00:00:00,1777420800000,0.2516,0.2567,0.2375,0.2482,30749154.9,1777507199999,True
2026-04-30 00:00:00,1777507200000,0.2483,0.2518,0.24,0.243,35291812.0,1777593599999,True
2026-05-01 00:00:00,1777593600000,0.243,0.2459,0.233,0.2341,40415484.1,1777679999999,True
2026-05-02 00:00:00,1777680000000,0.2341,0.2449,0.2311,0.243,23717700.4,1777766399999,True
2026-05-03 00:00:00,1777766400000,0.243,0.2434,0.2365,0.237,15344059.5,1777852799999,True
2026-05-04 00:00:00,1777852800000,0.2369,0.244,0.2337,0.2366,37816088.9,1777939199999,True
2026-05-05 00:00:00,1777939200000,0.2367,0.2504,0.2362,0.2454,49417867.1,1778025599999,True
2026-05-06 00:00:00,1778025600000,0.2454,0.2629,0.2438,0.2571,63160864.3,1778111999999,True
2026-05-07 00:00:00,1778112000000,0.257,0.2614,0.2483,0.2522,47377504.3,1778198399999,True
2026-05-08 00:00:00,1778198400000,0.2523,0.2785,0.2506,0.2735,54777832.6,1778284799999,True
2026-05-09 00:00:00,1778284800000,0.2736,0.2767,0.2679,0.2707,27764105.4,1778371199999,True
2026-05-10 00:00:00,1778371200000,0.2706,0.2956,0.265,0.2836,81930739.1,1778457599999,True
2026-05-11 00:00:00,1778457600000,0.2835,0.2858,0.2722,0.2787,44443772.0,1778543999999,True
2026-05-12 00:00:00,1778544000000,0.2786,0.282,0.2608,0.2676,35500812.8,1778630399999,True
2026-05-13 00:00:00,1778630400000,0.2676,0.2878,0.2556,0.2598,71805340.9,1778716799999,True
2026-05-14 00:00:00,1778716800000,0.2597,0.2738,0.2536,0.2617,36648268.7,1778803199999,True
2026-05-15 00:00:00,1778803200000,0.2617,0.2644,0.2387,0.2451,49293617.3,1778889599999,True
2026-05-16 00:00:00,1778889600000,0.245,0.2477,0.2349,0.2401,25153733.0,1778975999999,True
2026-05-17 00:00:00,1778976000000,0.2401,0.2453,0.2267,0.2359,19987308.1,1779062399999,True
2026-05-18 00:00:00,1779062400000,0.2359,0.2426,0.229,0.242,32578001.0,1779148799999,True
2026-05-19 00:00:00,1779148800000,0.2421,0.2504,0.2363,0.2385,34750711.9,1779235199999,True
2026-05-20 00:00:00,1779235200000,0.2385,0.2568,0.2361,0.2479,55351855.3,1779321599999,True
2026-05-21 00:00:00,1779321600000,0.248,0.2788,0.2475,0.2686,84284256.0,1779407999999,True
2026-05-22 00:00:00,1779408000000,0.2687,0.3023,0.2638,0.2706,176887004.9,1779494399999,True
2026-05-23 00:00:00,1779494400000,0.2706,0.31,0.2599,0.2999,118153916.2,1779580799999,True
2026-05-24 00:00:00,1779580800000,0.3,0.3133,0.2844,0.2932,92697066.0,1779667199999,True
2026-05-25 00:00:00,1779667200000,0.2932,0.3397,0.2868,0.3305,101009033.2,1779753599999,True
2026-05-26 00:00:00,1779753600000,0.3306,0.4144,0.3242,0.3757,308854339.2,1779839999999,True
2026-05-27 00:00:00,1779840000000,0.3758,0.3809,0.3367,0.341,152247395.7,1779926399999,True
2026-05-28 00:00:00,1779926400000,0.3409,0.342,0.275,0.2813,135426663.9,1780012799999,True
2026-05-29 00:00:00,1780012800000,0.2812,0.3148,0.2801,0.2899,138620543.3,1780099199999,True
2026-05-30 00:00:00,1780099200000,0.2899,0.3811,0.2852,0.3443,175276968.8,1780185599999,True
2026-05-31 00:00:00,1780185600000,0.3443,0.3557,0.317,0.3502,110733758.2,1780271999999,True
2026-06-01 00:00:00,1780272000000,0.3502,0.4445,0.3488,0.4377,301679239.5,1780358399999,True
2026-06-02 00:00:00,1780358400000,0.4378,0.4833,0.3764,0.3827,269706711.7,1780444799999,True
2026-06-03 00:00:00,1780444800000,0.3826,0.5661,0.3811,0.5418,338895820.4,1780531199999,True
2026-06-04 00:00:00,1780531200000,0.5416,0.6317,0.4579,0.5374,504651694.5,1780617599999,True
2026-06-05 00:00:00,1780617600000,0.5374,0.5749,0.467,0.5305,384551615.2,1780703999999,True
2026-06-06 00:00:00,1780704000000,0.5307,0.5394,0.3916,0.4141,347742382.8,1780790399999,True
2026-06-07 00:00:00,1780790400000,0.4141,0.5132,0.4117,0.472,239241941.7,1780876799999,True
2026-06-08 00:00:00,1780876800000,0.4718,0.5789,0.4531,0.4973,213010822.7,1780963199999,True
2026-06-09 00:00:00,1780963200000,0.4972,0.5547,0.4787,0.5085,205996719.2,1781049599999,True
2026-06-10 00:00:00,1781049600000,0.5086,0.5252,0.4289,0.4509,203380244.4,1781135999999,True
2026-06-11 00:00:00,1781136000000,0.451,0.52,0.446,0.4966,374198910.4,1781222399999,True
2026-06-12 00:00:00,1781222400000,0.4966,0.5115,0.4555,0.458,292597205.3,1781308799999,True
2026-06-13 00:00:00,1781308800000,0.4581,0.5354,0.4538,0.5017,288542512.4,1781395199999,True
2026-06-14 00:00:00,1781395200000,0.5017,0.5278,0.489,0.5235,212136960.4,1781481599999,True
2026-06-15 00:00:00,1781481600000,0.5235,0.6299,0.5207,0.5874,497931629.8,1781567999999,True
2026-06-16 00:00:00,1781568000000,0.5874,0.687,0.5767,0.6751,423606826.9,1781654399999,True
2026-06-17 00:00:00,1781654400000,0.6752,0.7229,0.6343,0.6587,337433533.0,1781740799999,True
2026-06-18 00:00:00,1781740800000,0.6587,0.6722,0.6041,0.6431,617315247.0,1781827199999,True
2026-06-19 00:00:00,1781827200000,0.6431,0.6652,0.5936,0.6234,140951836.9,1781913599999,True
2026-06-20 00:00:00,1781913600000,0.6233,0.6273,0.5903,0.6107,77983749.8,1781999999999,True
2026-06-21 00:00:00,1782000000000,0.6108,0.6526,0.591,0.6055,109684800.1,1782086399999,True
2026-06-22 00:00:00,1782086400000,0.6055,0.6549,0.6053,0.6193,103520669.5,1782172799999,True
2026-06-23 00:00:00,1782172800000,0.6193,0.6298,0.5337,0.5439,114358121.8,1782259199999,True
2026-06-24 00:00:00,1782259200000,0.5438,0.55,0.501,0.5301,130700245.9,1782345599999,True
2026-06-25 00:00:00,1782345600000,0.5302,0.5319,0.4811,0.4962,84495830.4,1782431999999,True
2026-06-26 00:00:00,1782432000000,0.4963,0.498,0.4536,0.4675,93027567.0,1782518399999,True
2026-06-27 00:00:00,1782518400000,0.4675,0.4811,0.4457,0.449,55136711.9,1782604799999,True
2026-06-28 00:00:00,1782604800000,0.4491,0.4601,0.4338,0.4424,45304609.9,1782691199999,True
2026-06-29 00:00:00,1782691200000,0.4423,0.444,0.4156,0.4209,71050499.0,1782777599999,True
2026-06-30 00:00:00,1782777600000,0.4208,0.4345,0.3994,0.4067,67144102.5,1782863999999,True
